datetime,latitude,longitude,pm10,pm2_5,carbon_monoxide,nitrogen_dioxide,sulphur_dioxide,ozone,shortwave_radiation,direct_radiation,diffuse_radiation,uv_index,visibility
2026-09-01 00:00:00,-3.9985,122.5129,10.4,7.6,330.0,3.2,0.7,42.0,0.0,0.0,0.0,0.0,36900.0
2026-09-01 01:00:00,-3.9985,122.5129,10.4,7.7,342.0,4.2,0.7,36.0,0.0,0.0,0.0,0.0,25660.0
2026-09-01 02:00:00,-3.9985,122.5129,10.3,7.8,339.0,5.3,0.7,31.0,0.0,0.0,0.0,0.0,18260.0
2026-09-01 03:00:00,-3.9985,122.5129,11.3,8.7,316.0,7.1,0.8,28.0,0.0,0.0,0.0,0.0,300.0
2026-09-01 04:00:00,-3.9985,122.5129,13.0,10.0,279.0,9.0,1.0,27.0,0.0,0.0,0.0,0.0,21900.0
2026-09-01 05:00:00,-3.9985,122.5129,15.1,11.6,244.0,9.6,1.1,29.0,0.0,0.0,0.0,0.0,21900.0
2026-09-01 06:00:00,-3.9985,122.5129,18.0,14.2,218.0,7.6,1.1,38.0,1.0,0.0,1.0,0.0,14600.0
2026-09-01 07:00:00,-3.9985,122.5129,20.3,17.5,194.0,4.2,1.1,51.0,86.0,45.0,41.0,0.55,12460.0
2026-09-01 08:00:00,-3.9985,122.5129,10.8,7.2,171.0,1.2,0.8,60.0,302.0,209.0,93.0,2.25,9220.0
2026-09-01 09:00:00,-3.9985,122.5129,9.5,6.2,145.0,1.0,0.7,60.0,492.0,344.0,148.0,4.45,9980.0
2026-09-01 10:00:00,-3.9985,122.5129,8.3,5.4,120.0,0.6,0.6,59.0,642.0,483.0,159.0,6.5,21100.0
2026-09-01 11:00:00,-3.9985,122.5129,7.7,5.0,102.0,0.4,0.5,59.0,806.0,650.0,156.0,8.05,44060.0
2026-09-01 12:00:00,-3.9985,122.5129,7.5,4.9,96.0,0.3,0.5,59.0,881.0,719.0,162.0,8.8,13940.0
2026-09-01 13:00:00,-3.9985,122.5129,8.3,5.4,98.0,0.3,0.5,59.0,874.0,731.0,143.0,6.75,7520.0
2026-09-01 14:00:00,-3.9985,122.5129,9.1,5.9,101.0,0.4,0.5,59.0,794.0,651.0,143.0,4.15,44040.0
2026-09-01 15:00:00,-3.9985,122.5129,9.7,6.3,105.0,0.5,0.5,60.0,620.0,431.0,189.0,5.45,44040.0
2026-09-01 16:00:00,-3.9985,122.5129,10.5,6.8,111.0,0.6,0.6,61.0,460.0,347.0,113.0,2.5,48920.0
2026-09-01 17:00:00,-3.9985,122.5129,11.4,7.3,117.0,0.8,0.6,62.0,260.0,194.0,66.0,1.45,44040.0
2026-09-01 18:00:00,-3.9985,122.5129,12.4,8.1,122.0,1.1,0.7,62.0,49.0,29.0,20.0,0.25,40540.0
2026-09-01 19:00:00,-3.9985,122.5129,13.7,9.1,127.0,1.4,0.7,62.0,0.0,0.0,0.0,0.0,36840.0
2026-09-01 20:00:00,-3.9985,122.5129,12.3,8.1,133.0,1.5,0.7,62.0,0.0,0.0,0.0,0.0,40540.0
2026-09-01 21:00:00,-3.9985,122.5129,12.7,8.5,137.0,1.6,0.7,61.0,0.0,0.0,0.0,0.0,36840.0
2026-09-01 22:00:00,-3.9985,122.5129,13.1,8.9,142.0,1.8,0.7,58.0,0.0,0.0,0.0,0.0,36840.0
2026-09-01 23:00:00,-3.9985,122.5129,13.3,9.1,154.0,2.2,0.7,55.0,0.0,0.0,0.0,0.0,36820.0
2026-09-02 00:00:00,-3.9985,122.5129,13.3,9.1,181.0,2.8,0.7,50.0,0.0,0.0,0.0,0.0,32600.0
2026-09-02 01:00:00,-3.9985,122.5129,13.1,9.2,215.0,3.7,0.7,44.0,0.0,0.0,0.0,0.0,29440.0
2026-09-02 02:00:00,-3.9985,122.5129,14.0,10.0,243.0,4.7,0.7,39.0,0.0,0.0,0.0,0.0,24940.0
2026-09-02 03:00:00,-3.9985,122.5129,15.0,10.8,266.0,6.3,0.8,34.0,0.0,0.0,0.0,0.0,19220.0
2026-09-02 04:00:00,-3.9985,122.5129,15.8,11.6,284.0,8.1,0.8,30.0,0.0,0.0,0.0,0.0,400.0
2026-09-02 05:00:00,-3.9985,122.5129,17.5,13.1,281.0,8.6,0.9,30.0,0.0,0.0,0.0,0.0,200.0
2026-09-02 06:00:00,-3.9985,122.5129,19.9,15.7,242.0,6.8,0.9,38.0,1.0,0.0,1.0,0.0,180.0
2026-09-02 07:00:00,-3.9985,122.5129,21.5,18.5,182.0,3.8,0.9,50.0,87.0,37.0,50.0,0.55,25520.0
2026-09-02 08:00:00,-3.9985,122.5129,13.7,9.1,137.0,1.1,0.7,58.0,325.0,235.0,90.0,2.25,21380.0
2026-09-02 09:00:00,-3.9985,122.5129,13.1,8.7,122.0,0.9,0.6,59.0,502.0,368.0,134.0,4.45,19700.0
2026-09-02 10:00:00,-3.9985,122.5129,12.9,8.6,122.0,0.6,0.6,60.0,637.0,445.0,192.0,6.55,17480.0
2026-09-02 11:00:00,-3.9985,122.5129,12.2,8.1,122.0,0.4,0.5,60.0,839.0,684.0,155.0,8.1,8580.0
2026-09-02 12:00:00,-3.9985,122.5129,11.5,7.7,116.0,0.4,0.5,60.0,789.0,553.0,236.0,8.85,9360.0
2026-09-02 13:00:00,-3.9985,122.5129,11.4,7.7,111.0,0.4,0.5,59.0,702.0,419.0,283.0,8.75,43980.0
2026-09-02 14:00:00,-3.9985,122.5129,11.5,7.7,109.0,0.5,0.5,58.0,700.0,451.0,249.0,7.7,43980.0
2026-09-02 15:00:00,-3.9985,122.5129,10.9,7.3,113.0,0.6,0.5,56.0,631.0,484.0,147.0,5.85,43980.0
2026-09-02 16:00:00,-3.9985,122.5129,11.0,7.4,120.0,0.6,0.6,54.0,401.0,276.0,125.0,3.75,43960.0
2026-09-02 17:00:00,-3.9985,122.5129,8.7,5.8,125.0,0.8,0.6,52.0,138.0,58.0,80.0,1.6,40480.0
2026-09-02 18:00:00,-3.9985,122.5129,8.1,5.4,125.0,1.1,0.6,49.0,25.0,7.0,18.0,0.25,40480.0
2026-09-02 19:00:00,-3.9985,122.5129,7.9,5.4,123.0,1.5,0.7,46.0,0.0,0.0,0.0,0.0,36780.0
2026-09-02 20:00:00,-3.9985,122.5129,11.5,7.7,127.0,1.5,0.7,44.0,0.0,0.0,0.0,0.0,34600.0
2026-09-02 21:00:00,-3.9985,122.5129,11.1,7.7,140.0,1.7,0.7,42.0,0.0,0.0,0.0,0.0,30380.0
2026-09-02 22:00:00,-3.9985,122.5129,10.6,7.4,159.0,2.1,0.7,39.0,0.0,0.0,0.0,0.0,36520.0
2026-09-02 23:00:00,-3.9985,122.5129,9.8,6.9,183.0,2.4,0.7,37.0,0.0,0.0,0.0,0.0,36760.0
2026-09-03 00:00:00,-3.9985,122.5129,7.9,5.7,216.0,2.6,0.7,35.0,0.0,0.0,0.0,0.0,32540.0
2026-09-03 01:00:00,-3.9985,122.5129,7.6,5.5,253.0,2.9,0.6,34.0,0.0,0.0,0.0,0.0,24620.0
2026-09-03 02:00:00,-3.9985,122.5129,8.1,6.0,281.0,3.5,0.6,32.0,0.0,0.0,0.0,0.0,21400.0
2026-09-03 03:00:00,-3.9985,122.5129,8.9,6.7,299.0,5.2,0.7,27.0,0.0,0.0,0.0,0.0,15900.0
2026-09-03 04:00:00,-3.9985,122.5129,9.9,7.7,309.0,7.4,0.7,20.0,0.0,0.0,0.0,0.0,12900.0
2026-09-03 05:00:00,-3.9985,122.5129,11.6,9.2,299.0,8.2,0.8,19.0,0.0,0.0,0.0,0.0,300.0
2026-09-03 06:00:00,-3.9985,122.5129,14.0,11.6,255.0,6.5,0.8,27.0,1.0,0.0,1.0,0.0,180.0
2026-09-03 07:00:00,-3.9985,122.5129,14.1,11.5,192.0,3.6,0.8,41.0,96.0,48.0,48.0,0.55,20000.0
2026-09-03 08:00:00,-3.9985,122.5129,12.9,8.8,143.0,1.1,0.8,51.0,319.0,224.0,95.0,2.3,12220.0
2026-09-03 09:00:00,-3.9985,122.5129,12.0,8.0,121.0,0.9,0.7,52.0,505.0,375.0,130.0,4.5,11880.0
2026-09-03 10:00:00,-3.9985,122.5129,11.6,7.7,113.0,0.6,0.6,55.0,696.0,542.0,154.0,6.6,9680.0
2026-09-03 11:00:00,-3.9985,122.5129,12.0,7.9,108.0,0.4,0.5,56.0,799.0,624.0,175.0,7.65,16800.0
2026-09-03 12:00:00,-3.9985,122.5129,13.0,8.6,105.0,0.3,0.5,56.0,787.0,538.0,249.0,7.25,43900.0
2026-09-03 13:00:00,-3.9985,122.5129,14.6,9.7,107.0,0.3,0.5,56.0,790.0,571.0,219.0,5.35,43900.0
2026-09-03 14:00:00,-3.9985,122.5129,15.4,10.2,109.0,0.4,0.5,56.0,672.0,468.0,204.0,2.6,43900.0
2026-09-03 15:00:00,-3.9985,122.5129,17.1,11.4,112.0,0.5,0.5,56.0,560.0,401.0,159.0,2.15,43900.0
2026-09-03 16:00:00,-3.9985,122.5129,19.8,13.4,116.0,0.6,0.6,55.0,348.0,199.0,149.0,1.2,43900.0
2026-09-03 17:00:00,-3.9985,122.5129,16.8,11.1,119.0,0.8,0.6,54.0,163.0,77.0,86.0,0.5,40420.0
2026-09-03 18:00:00,-3.9985,122.5129,16.6,11.0,121.0,1.2,0.7,51.0,33.0,13.0,20.0,0.1,40420.0
2026-09-03 19:00:00,-3.9985,122.5129,16.8,11.3,122.0,1.7,0.8,48.0,0.0,0.0,0.0,0.0,36700.0
2026-09-03 20:00:00,-3.9985,122.5129,16.3,11.0,124.0,1.5,0.6,46.0,0.0,0.0,0.0,0.0,34580.0
2026-09-03 21:00:00,-3.9985,122.5129,15.9,10.9,128.0,1.6,0.6,44.0,0.0,0.0,0.0,0.0,35400.0
2026-09-03 22:00:00,-3.9985,122.5129,15.5,10.6,132.0,1.9,0.7,42.0,0.0,0.0,0.0,0.0,35500.0
2026-09-03 23:00:00,-3.9985,122.5129,15.4,10.5,140.0,2.3,0.7,39.0,0.0,0.0,0.0,0.0,35700.0
2026-09-04 00:00:00,-3.9985,122.5129,14.4,9.8,151.0,2.8,0.7,35.0,0.0,0.0,0.0,0.0,35700.0
2026-09-04 01:00:00,-3.9985,122.5129,14.0,9.6,165.0,3.4,0.7,31.0,0.0,0.0,0.0,0.0,31860.0
2026-09-04 02:00:00,-3.9985,122.5129,14.0,9.9,181.0,4.7,0.7,27.0,0.0,0.0,0.0,0.0,26660.0
2026-09-04 03:00:00,-3.9985,122.5129,15.5,11.3,204.0,7.6,0.9,22.0,0.0,0.0,0.0,0.0,22380.0
2026-09-04 04:00:00,-3.9985,122.5129,17.5,13.2,229.0,11.2,1.1,17.0,0.0,0.0,0.0,0.0,19540.0
2026-09-04 05:00:00,-3.9985,122.5129,19.6,15.4,239.0,12.6,1.3,17.0,0.0,0.0,0.0,0.0,18860.0
2026-09-04 06:00:00,-3.9985,122.5129,22.4,18.3,221.0,9.9,1.3,25.0,1.0,0.0,1.0,0.0,18700.0
2026-09-04 07:00:00,-3.9985,122.5129,26.7,23.1,187.0,5.2,1.2,38.0,98.0,54.0,44.0,0.55,24220.0
2026-09-04 08:00:00,-3.9985,122.5129,12.3,8.8,160.0,1.4,1.0,48.0,313.0,218.0,95.0,2.3,28900.0
2026-09-04 09:00:00,-3.9985,122.5129,11.7,8.5,148.0,1.1,0.9,51.0,560.0,457.0,103.0,4.5,10220.0
2026-09-04 10:00:00,-3.9985,122.5129,11.2,8.2,144.0,0.8,0.7,54.0,740.0,607.0,133.0,6.6,8060.0
2026-09-04 11:00:00,-3.9985,122.5129,11.2,8.3,142.0,0.5,0.6,57.0,807.0,602.0,205.0,7.75,10060.0
2026-09-04 12:00:00,-3.9985,122.5129,11.1,8.1,144.0,0.4,0.6,58.0,850.0,642.0,208.0,8.9,5540.0
2026-09-04 13:00:00,-3.9985,122.5129,10.9,7.9,149.0,0.4,0.7,58.0,790.0,555.0,235.0,8.75,43840.0
2026-09-04 14:00:00,-3.9985,122.5129,10.9,7.7,154.0,0.5,0.7,58.0,775.0,584.0,191.0,7.7,43820.0
2026-09-04 15:00:00,-3.9985,122.5129,10.3,7.2,156.0,0.6,0.7,58.0,658.0,524.0,134.0,5.95,43820.0
2026-09-04 16:00:00,-3.9985,122.5129,9.7,6.8,157.0,0.7,0.6,58.0,476.0,373.0,103.0,3.75,43820.0
2026-09-04 17:00:00,-3.9985,122.5129,9.8,6.9,158.0,0.9,0.6,57.0,249.0,182.0,67.0,1.6,40340.0
2026-09-04 18:00:00,-3.9985,122.5129,10.5,7.6,154.0,1.1,0.6,56.0,47.0,28.0,19.0,0.25,36640.0
2026-09-04 19:00:00,-3.9985,122.5129,11.6,8.5,150.0,1.4,0.7,55.0,0.0,0.0,0.0,0.0,36640.0
2026-09-04 20:00:00,-3.9985,122.5129,10.2,7.7,162.0,1.6,0.7,53.0,0.0,0.0,0.0,0.0,36640.0
2026-09-04 21:00:00,-3.9985,122.5129,10.7,8.0,207.0,1.8,0.7,51.0,0.0,0.0,0.0,0.0,36640.0
2026-09-04 22:00:00,-3.9985,122.5129,11.0,8.3,269.0,2.3,0.8,47.0,0.0,0.0,0.0,0.0,36640.0
2026-09-04 23:00:00,-3.9985,122.5129,10.8,8.4,312.0,3.0,0.8,43.0,0.0,0.0,0.0,0.0,32440.0
2026-09-05 00:00:00,-3.9985,122.5129,11.6,9.1,320.0,4.2,0.8,37.0,0.0,0.0,0.0,0.0,29280.0
2026-09-05 01:00:00,-3.9985,122.5129,12.0,9.8,310.0,5.8,0.8,29.0,0.0,0.0,0.0,0.0,25480.0
2026-09-05 02:00:00,-3.9985,122.5129,12.6,10.4,299.0,7.5,0.8,23.0,0.0,0.0,0.0,0.0,25480.0
2026-09-05 03:00:00,-3.9985,122.5129,13.4,11.4,296.0,9.9,0.8,17.0,0.0,0.0,0.0,0.0,25480.0
2026-09-05 04:00:00,-3.9985,122.5129,15.1,13.0,291.0,12.5,0.9,11.0,0.0,0.0,0.0,0.0,19620.0
2026-09-05 05:00:00,-3.9985,122.5129,16.8,14.7,279.0,13.1,0.9,12.0,0.0,0.0,0.0,0.0,19620.0
2026-09-05 06:00:00,-3.9985,122.5129,18.4,16.5,250.0,10.1,1.0,24.0,1.0,0.0,1.0,0.0,19620.0
2026-09-05 07:00:00,-3.9985,122.5129,19.4,17.9,212.0,5.2,1.1,42.0,112.0,71.0,41.0,0.6,32420.0
2026-09-05 08:00:00,-3.9985,122.5129,13.3,10.3,184.0,1.6,1.2,57.0,349.0,275.0,74.0,2.3,40300.0
2026-09-05 09:00:00,-3.9985,122.5129,12.3,9.7,175.0,1.3,1.0,61.0,581.0,490.0,91.0,4.45,8760.0
2026-09-05 10:00:00,-3.9985,122.5129,11.5,9.2,176.0,0.8,0.8,67.0,718.0,594.0,124.0,6.65,8820.0
2026-09-05 11:00:00,-3.9985,122.5129,10.9,8.9,177.0,0.5,0.6,72.0,853.0,708.0,145.0,7.95,9180.0
2026-09-05 12:00:00,-3.9985,122.5129,10.9,9.0,170.0,0.4,0.6,74.0,892.0,744.0,148.0,7.1,10080.0
2026-09-05 13:00:00,-3.9985,122.5129,11.1,9.3,162.0,0.4,0.6,74.0,897.0,734.0,163.0,3.45,12140.0
2026-09-05 14:00:00,-3.9985,122.5129,11.4,9.5,167.0,0.5,0.6,73.0,829.0,668.0,161.0,4.65,18720.0
2026-09-05 15:00:00,-3.9985,122.5129,12.0,10.0,198.0,0.6,0.6,71.0,684.0,562.0,122.0,3.75,43740.0
2026-09-05 16:00:00,-3.9985,122.5129,12.6,10.4,241.0,0.8,0.6,67.0,482.0,397.0,85.0,3.2,40280.0
2026-09-05 17:00:00,-3.9985,122.5129,13.4,11.0,267.0,1.0,0.6,62.0,256.0,192.0,64.0,1.55,40280.0
2026-09-05 18:00:00,-3.9985,122.5129,14.2,11.5,257.0,1.3,0.7,56.0,44.0,24.0,20.0,0.2,40260.0
2026-09-05 19:00:00,-3.9985,122.5129,14.7,11.7,231.0,1.6,0.7,49.0,0.0,0.0,0.0,0.0,40260.0
2026-09-05 20:00:00,-3.9985,122.5129,16.6,13.2,212.0,2.1,0.8,45.0,0.0,0.0,0.0,0.0,36580.0
2026-09-05 21:00:00,-3.9985,122.5129,16.2,12.8,211.0,2.5,0.8,41.0,0.0,0.0,0.0,0.0,36580.0
2026-09-05 22:00:00,-3.9985,122.5129,14.6,11.8,218.0,3.1,0.8,35.0,0.0,0.0,0.0,0.0,36580.0
2026-09-05 23:00:00,-3.9985,122.5129,14.0,11.3,229.0,4.2,0.9,30.0,0.0,0.0,0.0,0.0,32380.0
2026-09-06 00:00:00,-3.9985,122.5129,14.2,11.4,246.0,5.8,1.0,27.0,0.0,0.0,0.0,0.0,32380.0
2026-09-06 01:00:00,-3.9985,122.5129,15.4,12.4,268.0,7.9,1.1,24.0,0.0,0.0,0.0,0.0,29220.0
2026-09-06 02:00:00,-3.9985,122.5129,17.1,14.0,288.0,10.0,1.2,21.0,0.0,0.0,0.0,0.0,24860.0
2026-09-06 03:00:00,-3.9985,122.5129,18.6,15.7,308.0,12.8,1.3,16.0,0.0,0.0,0.0,0.0,18800.0
2026-09-06 04:00:00,-3.9985,122.5129,20.1,17.2,325.0,15.7,1.3,10.0,0.0,0.0,0.0,0.0,1040.0
2026-09-06 05:00:00,-3.9985,122.5129,21.5,18.8,324.0,16.3,1.3,10.0,0.0,0.0,0.0,0.0,240.0
2026-09-06 06:00:00,-3.9985,122.5129,23.4,20.8,286.0,12.4,1.3,20.0,1.0,0.0,1.0,0.0,180.0
2026-09-06 07:00:00,-3.9985,122.5129,27.1,24.9,231.0,6.2,1.2,35.0,87.0,43.0,44.0,0.6,24680.0
2026-09-06 08:00:00,-3.9985,122.5129,11.3,8.4,200.0,1.5,1.1,47.0,337.0,254.0,83.0,2.35,4740.0
2026-09-06 09:00:00,-3.9985,122.5129,9.1,6.7,220.0,1.2,1.0,50.0,579.0,485.0,94.0,4.6,4840.0
2026-09-06 10:00:00,-3.9985,122.5129,7.8,5.7,264.0,0.7,0.7,54.0,733.0,608.0,125.0,6.65,15960.0
2026-09-06 11:00:00,-3.9985,122.5129,7.2,5.3,297.0,0.4,0.6,57.0,887.0,743.0,144.0,8.2,19220.0
2026-09-06 12:00:00,-3.9985,122.5129,7.6,5.7,299.0,0.3,0.6,59.0,970.0,856.0,114.0,8.95,34740.0
2026-09-06 13:00:00,-3.9985,122.5129,8.2,6.3,289.0,0.3,0.6,60.0,960.0,856.0,104.0,8.8,43680.0
2026-09-06 14:00:00,-3.9985,122.5129,9.0,7.0,290.0,0.4,0.6,60.0,868.0,767.0,101.0,7.75,43680.0
2026-09-06 15:00:00,-3.9985,122.5129,9.7,7.7,312.0,0.5,0.6,60.0,695.0,591.0,104.0,5.95,15240.0
2026-09-06 16:00:00,-3.9985,122.5129,10.3,8.3,345.0,0.7,0.6,60.0,479.0,383.0,96.0,3.75,40200.0
2026-09-06 17:00:00,-3.9985,122.5129,10.8,8.7,374.0,0.9,0.6,59.0,236.0,161.0,75.0,1.6,36520.0
2026-09-06 18:00:00,-3.9985,122.5129,11.2,9.0,400.0,1.2,0.7,57.0,46.0,27.0,19.0,0.25,36520.0
2026-09-06 19:00:00,-3.9985,122.5129,11.5,9.2,423.0,1.6,0.7,55.0,0.0,0.0,0.0,0.0,35700.0
2026-09-06 20:00:00,-3.9985,122.5129,12.6,10.1,425.0,1.9,0.7,52.0,0.0,0.0,0.0,0.0,34920.0
2026-09-06 21:00:00,-3.9985,122.5129,12.6,10.2,390.0,2.4,0.8,48.0,0.0,0.0,0.0,0.0,36520.0
2026-09-06 22:00:00,-3.9985,122.5129,12.0,10.0,333.0,3.0,0.8,43.0,0.0,0.0,0.0,0.0,32320.0
2026-09-06 23:00:00,-3.9985,122.5129,12.2,10.1,288.0,4.0,0.9,39.0,0.0,0.0,0.0,0.0,32320.0
2026-09-07 00:00:00,-3.9985,122.5129,12.7,10.5,264.0,5.4,1.0,36.0,0.0,0.0,0.0,0.0,29180.0
2026-09-07 01:00:00,-3.9985,122.5129,13.9,11.4,250.0,7.0,1.0,35.0,0.0,0.0,0.0,0.0,29180.0
2026-09-07 02:00:00,-3.9985,122.5129,15.1,12.5,248.0,8.6,1.1,33.0,0.0,0.0,0.0,0.0,23440.0
2026-09-07 03:00:00,-3.9985,122.5129,16.2,13.6,269.0,10.7,1.3,31.0,0.0,0.0,0.0,0.0,20060.0
2026-09-07 04:00:00,-3.9985,122.5129,17.3,14.5,302.0,12.7,1.5,29.0,0.0,0.0,0.0,0.0,17940.0
2026-09-07 05:00:00,-3.9985,122.5129,18.5,15.8,310.0,13.0,1.6,30.0,0.0,0.0,0.0,0.0,500.0
2026-09-07 06:00:00,-3.9985,122.5129,22.1,19.3,268.0,9.9,1.4,36.0,1.0,0.0,1.0,0.0,280.0
2026-09-07 07:00:00,-3.9985,122.5129,22.9,20.5,202.0,5.0,1.1,46.0,91.0,40.0,51.0,0.6,5420.0
2026-09-07 08:00:00,-3.9985,122.5129,13.6,9.8,148.0,1.2,0.8,54.0,328.0,230.0,98.0,2.4,2980.0
2026-09-07 09:00:00,-3.9985,122.5129,12.3,8.7,123.0,1.0,0.8,56.0,538.0,405.0,133.0,4.6,6080.0
2026-09-07 10:00:00,-3.9985,122.5129,11.4,8.1,111.0,0.6,0.7,59.0,663.0,488.0,175.0,6.75,11360.0
2026-09-07 11:00:00,-3.9985,122.5129,10.8,7.6,103.0,0.4,0.7,61.0,837.0,637.0,200.0,8.3,14700.0
2026-09-07 12:00:00,-3.9985,122.5129,10.2,7.2,96.0,0.4,0.7,62.0,928.0,755.0,173.0,9.05,11920.0
2026-09-07 13:00:00,-3.9985,122.5129,9.7,6.9,94.0,0.4,0.7,62.0,940.0,807.0,133.0,8.85,15060.0
2026-09-07 14:00:00,-3.9985,122.5129,9.4,6.7,95.0,0.5,0.7,61.0,845.0,715.0,130.0,7.75,48520.0
2026-09-07 15:00:00,-3.9985,122.5129,9.5,6.7,101.0,0.6,0.7,60.0,681.0,571.0,110.0,5.95,48520.0
2026-09-07 16:00:00,-3.9985,122.5129,9.3,6.6,110.0,0.8,0.7,58.0,480.0,390.0,90.0,3.75,43600.0
2026-09-07 17:00:00,-3.9985,122.5129,8.8,6.3,117.0,1.0,0.7,56.0,254.0,191.0,63.0,1.6,40140.0
2026-09-07 18:00:00,-3.9985,122.5129,8.4,6.0,120.0,1.3,0.7,53.0,46.0,28.0,18.0,0.2,40140.0
2026-09-07 19:00:00,-3.9985,122.5129,8.1,5.8,121.0,1.6,0.8,49.0,0.0,0.0,0.0,0.0,36460.0
2026-09-07 20:00:00,-3.9985,122.5129,8.1,5.7,126.0,1.8,0.8,48.0,0.0,0.0,0.0,0.0,36460.0
2026-09-07 21:00:00,-3.9985,122.5129,8.5,6.1,138.0,2.4,0.8,44.0,0.0,0.0,0.0,0.0,36460.0
2026-09-07 22:00:00,-3.9985,122.5129,8.8,6.6,153.0,3.2,0.9,39.0,0.0,0.0,0.0,0.0,36440.0
2026-09-07 23:00:00,-3.9985,122.5129,9.8,7.6,170.0,4.5,1.0,35.0,0.0,0.0,0.0,0.0,32280.0
2026-09-08 00:00:00,-3.9985,122.5129,11.4,9.0,189.0,6.4,1.2,32.0,0.0,0.0,0.0,0.0,32260.0
2026-09-08 01:00:00,-3.9985,122.5129,13.0,10.5,210.0,8.7,1.4,31.0,0.0,0.0,0.0,0.0,25360.0
2026-09-08 02:00:00,-3.9985,122.5129,14.7,12.2,224.0,11.0,1.5,28.0,0.0,0.0,0.0,0.0,19540.0
2026-09-08 03:00:00,-3.9985,122.5129,16.4,13.9,231.0,13.8,1.5,22.0,0.0,0.0,0.0,0.0,280.0
2026-09-08 04:00:00,-3.9985,122.5129,18.5,16.0,231.0,16.4,1.5,16.0,0.0,0.0,0.0,0.0,100.0
2026-09-08 05:00:00,-3.9985,122.5129,20.4,18.0,223.0,16.8,1.4,15.0,0.0,0.0,0.0,0.0,80.0
2026-09-08 06:00:00,-3.9985,122.5129,22.9,20.5,202.0,12.8,1.4,25.0,1.0,0.0,1.0,0.0,80.0
2026-09-08 07:00:00,-3.9985,122.5129,25.8,23.6,173.0,6.5,1.4,41.0,88.0,30.0,58.0,0.6,560.0
2026-09-08 08:00:00,-3.9985,122.5129,9.2,6.6,147.0,1.3,1.1,54.0,334.0,241.0,93.0,2.4,40100.0
2026-09-08 09:00:00,-3.9985,122.5129,8.8,6.3,128.0,1.1,1.0,57.0,577.0,478.0,99.0,4.6,43540.0
2026-09-08 10:00:00,-3.9985,122.5129,8.8,6.3,112.0,0.7,0.8,62.0,770.0,648.0,122.0,6.7,4880.0
2026-09-08 11:00:00,-3.9985,122.5129,9.4,6.8,102.0,0.5,0.7,65.0,848.0,663.0,185.0,8.25,4520.0
2026-09-08 12:00:00,-3.9985,122.5129,9.9,7.1,100.0,0.4,0.7,66.0,963.0,831.0,132.0,9.0,7340.0
2026-09-08 13:00:00,-3.9985,122.5129,10.3,7.4,103.0,0.4,0.8,67.0,942.0,804.0,138.0,8.8,15140.0
2026-09-08 14:00:00,-3.9985,122.5129,10.7,7.7,107.0,0.5,0.8,66.0,843.0,718.0,125.0,7.75,48440.0
2026-09-08 15:00:00,-3.9985,122.5129,11.0,8.0,107.0,0.6,0.8,65.0,702.0,604.0,98.0,5.9,43540.0
2026-09-08 16:00:00,-3.9985,122.5129,11.3,8.2,108.0,0.8,0.8,63.0,462.0,364.0,98.0,3.7,43520.0
2026-09-08 17:00:00,-3.9985,122.5129,11.4,8.2,118.0,1.1,0.8,60.0,247.0,179.0,68.0,1.6,40060.0
2026-09-08 18:00:00,-3.9985,122.5129,11.4,8.3,136.0,1.6,0.9,56.0,45.0,25.0,20.0,0.2,40060.0
2026-09-08 19:00:00,-3.9985,122.5129,11.6,8.6,162.0,2.2,0.9,51.0,0.0,0.0,0.0,0.0,40060.0
2026-09-08 20:00:00,-3.9985,122.5129,8.9,6.5,205.0,2.0,0.9,49.0,0.0,0.0,0.0,0.0,36380.0
2026-09-08 21:00:00,-3.9985,122.5129,8.9,6.6,284.0,2.1,0.9,47.0,0.0,0.0,0.0,0.0,36380.0
2026-09-08 22:00:00,-3.9985,122.5129,8.8,6.6,379.0,2.2,0.8,43.0,0.0,0.0,0.0,0.0,32220.0
2026-09-08 23:00:00,-3.9985,122.5129,7.9,6.2,439.0,2.9,0.8,40.0,0.0,0.0,0.0,0.0,29080.0
2026-09-09 00:00:00,-3.9985,122.5129,7.9,6.2,436.0,4.2,0.9,37.0,0.0,0.0,0.0,0.0,25320.0
2026-09-09 01:00:00,-3.9985,122.5129,9.1,7.3,397.0,6.1,1.0,33.0,0.0,0.0,0.0,0.0,1220.0
2026-09-09 02:00:00,-3.9985,122.5129,10.9,9.1,352.0,8.2,1.1,29.0,0.0,0.0,0.0,0.0,380.0
2026-09-09 03:00:00,-3.9985,122.5129,13.0,11.2,306.0,11.5,1.2,22.0,0.0,0.0,0.0,0.0,180.0
2026-09-09 04:00:00,-3.9985,122.5129,15.4,13.5,255.0,15.0,1.3,15.0,0.0,0.0,0.0,0.0,100.0
2026-09-09 05:00:00,-3.9985,122.5129,17.8,16.0,216.0,16.1,1.4,14.0,0.0,0.0,0.0,0.0,80.0
2026-09-09 06:00:00,-3.9985,122.5129,20.9,19.1,200.0,12.4,1.4,25.0,1.0,0.0,1.0,0.0,100.0
2026-09-09 07:00:00,-3.9985,122.5129,23.9,22.2,197.0,6.3,1.4,43.0,81.0,11.0,70.0,0.6,980.0
2026-09-09 08:00:00,-3.9985,122.5129,11.2,8.4,188.0,1.6,1.2,56.0,289.0,121.0,168.0,2.15,36360.0
2026-09-09 09:00:00,-3.9985,122.5129,10.7,8.0,164.0,1.3,1.1,60.0,578.0,445.0,133.0,4.1,3000.0
2026-09-09 10:00:00,-3.9985,122.5129,10.9,8.3,135.0,0.8,0.8,65.0,767.0,604.0,163.0,6.55,1740.0
2026-09-09 11:00:00,-3.9985,122.5129,11.9,9.2,113.0,0.5,0.7,69.0,880.0,686.0,194.0,8.3,3460.0
2026-09-09 12:00:00,-3.9985,122.5129,12.3,9.6,105.0,0.4,0.7,70.0,906.0,665.0,241.0,8.45,7740.0
2026-09-09 13:00:00,-3.9985,122.5129,12.1,9.5,105.0,0.4,0.7,70.0,920.0,714.0,206.0,8.55,15180.0
2026-09-09 14:00:00,-3.9985,122.5129,11.8,9.2,107.0,0.5,0.7,69.0,842.0,686.0,156.0,7.05,48380.0
2026-09-09 15:00:00,-3.9985,122.5129,11.1,8.4,110.0,0.6,0.7,67.0,625.0,453.0,172.0,5.5,43460.0
2026-09-09 16:00:00,-3.9985,122.5129,10.1,7.4,114.0,0.8,0.7,63.0,417.0,241.0,176.0,3.2,43460.0
2026-09-09 17:00:00,-3.9985,122.5129,9.5,6.9,123.0,1.0,0.7,60.0,206.0,95.0,111.0,1.35,43460.0
2026-09-09 18:00:00,-3.9985,122.5129,9.4,6.9,135.0,1.2,0.7,58.0,36.0,9.0,27.0,0.2,40000.0
2026-09-09 19:00:00,-3.9985,122.5129,8.5,6.6,150.0,1.4,0.7,55.0,0.0,0.0,0.0,0.0,40000.0
2026-09-09 20:00:00,-3.9985,122.5129,10.1,8.0,171.0,2.0,0.8,53.0,0.0,0.0,0.0,0.0,39980.0
2026-09-09 21:00:00,-3.9985,122.5129,10.6,8.7,202.0,3.2,1.0,49.0,0.0,0.0,0.0,0.0,36320.0
2026-09-09 22:00:00,-3.9985,122.5129,11.9,10.1,239.0,4.9,1.2,43.0,0.0,0.0,0.0,0.0,36320.0
2026-09-09 23:00:00,-3.9985,122.5129,13.9,12.1,268.0,6.8,1.4,38.0,0.0,0.0,0.0,0.0,36320.0
2026-09-10 00:00:00,-3.9985,122.5129,15.4,13.5,281.0,8.8,1.5,34.0,0.0,0.0,0.0,0.0,32160.0
2026-09-10 01:00:00,-3.9985,122.5129,16.8,14.9,286.0,10.9,1.5,31.0,0.0,0.0,0.0,0.0,29020.0
2026-09-10 02:00:00,-3.9985,122.5129,18.1,16.2,290.0,12.8,1.5,27.0,0.0,0.0,0.0,0.0,25260.0
2026-09-10 03:00:00,-3.9985,122.5129,19.2,17.4,299.0,14.9,1.4,21.0,0.0,0.0,0.0,0.0,19480.0
2026-09-10 04:00:00,-3.9985,122.5129,20.2,18.4,306.0,16.8,1.3,14.0,0.0,0.0,0.0,0.0,19480.0
2026-09-10 05:00:00,-3.9985,122.5129,21.3,19.6,300.0,16.7,1.2,14.0,0.0,0.0,0.0,0.0,19480.0
2026-09-10 06:00:00,-3.9985,122.5129,23.1,21.4,269.0,13.0,1.3,27.0,2.0,0.0,2.0,0.0,19480.0
2026-09-10 07:00:00,-3.9985,122.5129,27.5,26.0,224.0,7.3,1.5,47.0,95.0,30.0,65.0,0.55,29380.0
2026-09-10 08:00:00,-3.9985,122.5129,26.7,22.5,184.0,4.3,1.9,61.0,296.0,138.0,158.0,2.05,5060.0
2026-09-10 09:00:00,-3.9985,122.5129,17.9,14.3,153.0,3.2,1.6,64.0,483.0,274.0,209.0,4.15,9700.0
2026-09-10 10:00:00,-3.9985,122.5129,13.6,10.5,127.0,1.8,1.1,68.0,691.0,439.0,252.0,5.85,10020.0
2026-09-10 11:00:00,-3.9985,122.5129,11.6,8.9,109.0,0.7,0.8,71.0,717.0,368.0,349.0,7.25,10680.0
2026-09-10 12:00:00,-3.9985,122.5129,10.6,8.1,104.0,0.4,0.7,72.0,755.0,394.0,361.0,8.3,5740.0
2026-09-10 13:00:00,-3.9985,122.5129,10.6,8.1,107.0,0.5,0.7,73.0,777.0,463.0,314.0,8.1,6220.0
2026-09-10 14:00:00,-3.9985,122.5129,10.8,8.2,111.0,0.7,0.7,72.0,685.0,379.0,306.0,7.1,8620.0
2026-09-10 15:00:00,-3.9985,122.5129,11.0,8.2,111.0,0.8,0.7,71.0,613.0,388.0,225.0,4.5,9440.0
2026-09-10 16:00:00,-3.9985,122.5129,10.6,7.7,110.0,0.9,0.7,68.0,359.0,198.0,161.0,3.35,39940.0
2026-09-10 17:00:00,-3.9985,122.5129,10.7,7.7,114.0,1.1,0.7,66.0,170.0,65.0,105.0,1.6,39920.0
2026-09-10 18:00:00,-3.9985,122.5129,11.9,8.7,124.0,1.4,0.7,63.0,20.0,2.0,18.0,0.2,39920.0
2026-09-10 19:00:00,-3.9985,122.5129,12.8,9.6,139.0,1.7,0.8,61.0,0.0,0.0,0.0,0.0,36260.0
2026-09-10 20:00:00,-3.9985,122.5129,15.3,11.4,155.0,1.8,0.7,57.0,0.0,0.0,0.0,0.0,39920.0
2026-09-10 21:00:00,-3.9985,122.5129,15.4,11.5,173.0,2.1,0.7,53.0,0.0,0.0,0.0,0.0,36260.0
2026-09-10 22:00:00,-3.9985,122.5129,15.5,11.4,193.0,2.5,0.7,47.0,0.0,0.0,0.0,0.0,36260.0
2026-09-10 23:00:00,-3.9985,122.5129,15.5,11.4,214.0,3.1,0.7,42.0,0.0,0.0,0.0,0.0,36260.0
2026-09-11 00:00:00,-3.9985,122.5129,15.8,11.8,238.0,3.9,0.7,37.0,0.0,0.0,0.0,0.0,36260.0
2026-09-11 01:00:00,-3.9985,122.5129,16.0,12.0,262.0,4.9,0.7,33.0,0.0,0.0,0.0,0.0,32100.0
2026-09-11 02:00:00,-3.9985,122.5129,16.2,12.2,278.0,6.0,0.7,29.0,0.0,0.0,0.0,0.0,24620.0
2026-09-11 03:00:00,-3.9985,122.5129,16.8,12.7,281.0,7.8,0.8,26.0,0.0,0.0,0.0,0.0,19300.0
2026-09-11 04:00:00,-3.9985,122.5129,17.9,13.7,275.0,9.8,0.9,23.0,0.0,0.0,0.0,0.0,19460.0
2026-09-11 05:00:00,-3.9985,122.5129,19.7,15.4,268.0,10.3,1.0,25.0,0.0,0.0,0.0,0.0,25220.0
2026-09-11 06:00:00,-3.9985,122.5129,22.8,18.5,260.0,8.1,1.1,34.0,2.0,0.0,2.0,0.0,25220.0
2026-09-11 07:00:00,-3.9985,122.5129,28.3,24.3,249.0,4.6,1.2,48.0,123.0,80.0,43.0,0.6,36240.0
2026-09-11 08:00:00,-3.9985,122.5129,10.8,8.1,240.0,1.4,1.0,59.0,356.0,272.0,84.0,2.35,39880.0
2026-09-11 09:00:00,-3.9985,122.5129,9.3,7.0,235.0,1.2,0.9,62.0,408.0,190.0,218.0,4.65,25940.0
2026-09-11 10:00:00,-3.9985,122.5129,10.2,7.7,230.0,0.8,0.7,65.0,679.0,482.0,197.0,6.6,17840.0
2026-09-11 11:00:00,-3.9985,122.5129,10.7,8.0,225.0,0.6,0.6,68.0,716.0,494.0,222.0,8.25,6980.0
2026-09-11 12:00:00,-3.9985,122.5129,12.5,9.3,212.0,0.5,0.6,69.0,933.0,753.0,180.0,9.0,43320.0
2026-09-11 13:00:00,-3.9985,122.5129,13.4,10.0,199.0,0.5,0.6,69.0,913.0,768.0,145.0,8.8,43320.0
2026-09-11 14:00:00,-3.9985,122.5129,14.8,11.2,197.0,0.5,0.6,69.0,848.0,691.0,157.0,7.7,43320.0
2026-09-11 15:00:00,-3.9985,122.5129,16.2,12.4,215.0,0.6,0.6,69.0,525.0,309.0,216.0,5.9,43320.0
2026-09-11 16:00:00,-3.9985,122.5129,17.3,13.4,246.0,0.8,0.7,69.0,411.0,273.0,138.0,3.7,39840.0
2026-09-11 17:00:00,-3.9985,122.5129,18.0,14.1,281.0,1.0,0.7,69.0,227.0,149.0,78.0,1.55,39860.0
2026-09-11 18:00:00,-3.9985,122.5129,18.3,14.4,324.0,1.3,0.8,69.0,44.0,24.0,20.0,0.2,36200.0
2026-09-11 19:00:00,-3.9985,122.5129,18.5,14.6,370.0,1.6,0.9,68.0,0.0,0.0,0.0,0.0,36200.0
2026-09-11 20:00:00,-3.9985,122.5129,18.9,15.1,398.0,1.9,0.8,67.0,0.0,0.0,0.0,0.0,35520.0
2026-09-11 21:00:00,-3.9985,122.5129,18.9,15.1,388.0,2.0,0.8,63.0,0.0,0.0,0.0,0.0,36200.0
2026-09-11 22:00:00,-3.9985,122.5129,16.2,13.3,360.0,2.2,0.8,58.0,0.0,0.0,0.0,0.0,30720.0
2026-09-11 23:00:00,-3.9985,122.5129,14.4,12.0,344.0,2.8,0.8,53.0,0.0,0.0,0.0,0.0,32220.0
2026-09-12 00:00:00,-3.9985,122.5129,14.1,11.6,357.0,3.9,0.9,49.0,0.0,0.0,0.0,0.0,22760.0
2026-09-12 01:00:00,-3.9985,122.5129,15.5,12.7,384.0,5.4,1.0,44.0,0.0,0.0,0.0,0.0,11840.0
2026-09-12 02:00:00,-3.9985,122.5129,17.1,14.1,407.0,7.3,1.1,40.0,0.0,0.0,0.0,0.0,9580.0
2026-09-12 03:00:00,-3.9985,122.5129,18.8,15.8,432.0,10.3,1.2,33.0,0.0,0.0,0.0,0.0,9860.0
2026-09-12 04:00:00,-3.9985,122.5129,20.5,17.5,454.0,13.7,1.3,27.0,0.0,0.0,0.0,0.0,10360.0
2026-09-12 05:00:00,-3.9985,122.5129,21.0,18.3,443.0,14.8,1.4,25.0,0.0,0.0,0.0,0.0,660.0
2026-09-12 06:00:00,-3.9985,122.5129,22.5,20.0,370.0,11.6,1.4,33.0,2.0,0.0,2.0,0.0,8580.0
2026-09-12 07:00:00,-3.9985,122.5129,20.1,17.2,265.0,6.1,1.2,46.0,76.0,17.0,59.0,0.65,8680.0
2026-09-12 08:00:00,-3.9985,122.5129,18.5,15.0,186.0,1.8,1.1,57.0,203.0,60.0,143.0,2.45,6920.0
2026-09-12 09:00:00,-3.9985,122.5129,18.8,15.3,155.0,1.4,0.9,61.0,513.0,364.0,149.0,4.7,7960.0
2026-09-12 10:00:00,-3.9985,122.5129,21.4,17.5,150.0,0.8,0.7,66.0,720.0,551.0,169.0,6.8,10640.0
2026-09-12 11:00:00,-3.9985,122.5129,24.1,19.7,170.0,0.4,0.6,73.0,804.0,639.0,165.0,8.35,26760.0
2026-09-12 12:00:00,-3.9985,122.5129,25.8,21.4,230.0,0.3,0.7,82.0,944.0,813.0,131.0,9.05,43260.0
2026-09-12 13:00:00,-3.9985,122.5129,26.2,21.9,314.0,0.4,0.9,92.0,961.0,845.0,116.0,8.85,48180.0
2026-09-12 14:00:00,-3.9985,122.5129,26.7,22.6,374.0,0.5,1.1,99.0,869.0,757.0,112.0,7.75,48180.0
2026-09-12 15:00:00,-3.9985,122.5129,28.8,24.6,388.0,0.6,1.3,101.0,716.0,622.0,94.0,5.95,48180.0
2026-09-12 16:00:00,-3.9985,122.5129,32.0,27.0,377.0,0.7,1.4,100.0,500.0,418.0,82.0,3.7,48180.0
2026-09-12 17:00:00,-3.9985,122.5129,33.4,27.4,355.0,1.0,1.5,95.0,256.0,197.0,59.0,1.55,43240.0
2026-09-12 18:00:00,-3.9985,122.5129,32.1,25.4,318.0,1.5,1.4,84.0,45.0,28.0,17.0,0.2,43240.0
2026-09-12 19:00:00,-3.9985,122.5129,29.8,22.9,270.0,2.1,1.1,69.0,0.0,0.0,0.0,0.0,39780.0
2026-09-12 20:00:00,-3.9985,122.5129,26.5,20.3,241.0,3.0,1.1,58.0,0.0,0.0,0.0,0.0,36140.0
2026-09-12 21:00:00,-3.9985,122.5129,25.0,18.6,249.0,3.8,1.2,53.0,0.0,0.0,0.0,0.0,36140.0
2026-09-12 22:00:00,-3.9985,122.5129,25.1,18.6,276.0,5.1,1.2,47.0,0.0,0.0,0.0,0.0,36140.0
2026-09-12 23:00:00,-3.9985,122.5129,26.2,19.5,299.0,6.6,1.3,41.0,0.0,0.0,0.0,0.0,36140.0
2026-09-13 00:00:00,-3.9985,122.5129,27.3,20.4,312.0,8.7,1.3,36.0,0.0,0.0,0.0,0.0,31520.0
2026-09-13 01:00:00,-3.9985,122.5129,29.1,22.5,320.0,11.2,1.3,31.0,0.0,0.0,0.0,0.0,31000.0
2026-09-13 02:00:00,-3.9985,122.5129,30.3,24.1,320.0,13.0,1.3,27.0,0.0,0.0,0.0,0.0,19400.0
2026-09-13 03:00:00,-3.9985,122.5129,29.3,24.0,308.0,14.1,1.1,21.0,0.0,0.0,0.0,0.0,19400.0
2026-09-13 04:00:00,-3.9985,122.5129,25.8,21.8,288.0,14.6,0.9,15.0,0.0,0.0,0.0,0.0,19400.0
2026-09-13 05:00:00,-3.9985,122.5129,23.6,20.1,264.0,13.7,0.8,16.0,0.0,0.0,0.0,0.0,18900.0
2026-09-13 06:00:00,-3.9985,122.5129,23.0,19.8,237.0,10.3,0.9,29.0,2.0,1.0,1.0,0.0,17900.0
2026-09-13 07:00:00,-3.9985,122.5129,22.9,19.5,207.0,5.5,1.1,48.0,126.0,80.0,46.0,0.65,30120.0
2026-09-13 08:00:00,-3.9985,122.5129,21.7,15.5,178.0,1.5,1.1,62.0,327.0,238.0,89.0,2.45,39760.0
2026-09-13 09:00:00,-3.9985,122.5129,15.8,10.8,151.0,1.2,0.9,64.0,591.0,485.0,106.0,4.4,43180.0
2026-09-13 10:00:00,-3.9985,122.5129,14.1,9.6,125.0,0.7,0.7,67.0,737.0,588.0,149.0,3.5,18540.0
2026-09-13 11:00:00,-3.9985,122.5129,13.5,9.0,105.0,0.4,0.5,69.0,752.0,540.0,212.0,8.0,15180.0
2026-09-13 12:00:00,-3.9985,122.5129,13.2,8.8,90.0,0.3,0.4,70.0,898.0,716.0,182.0,9.05,48120.0
2026-09-13 13:00:00,-3.9985,122.5129,13.6,9.1,81.0,0.3,0.4,71.0,921.0,756.0,165.0,8.85,14740.0
2026-09-13 14:00:00,-3.9985,122.5129,14.1,9.5,89.0,0.4,0.4,71.0,842.0,716.0,126.0,7.75,48120.0
2026-09-13 15:00:00,-3.9985,122.5129,14.9,10.0,117.0,0.5,0.4,70.0,675.0,559.0,116.0,5.9,24120.0
2026-09-13 16:00:00,-3.9985,122.5129,15.8,10.7,163.0,0.7,0.5,69.0,474.0,380.0,94.0,3.65,43160.0
2026-09-13 17:00:00,-3.9985,122.5129,16.4,11.1,225.0,0.9,0.6,67.0,250.0,189.0,61.0,1.55,39720.0
2026-09-13 18:00:00,-3.9985,122.5129,16.6,11.3,319.0,1.2,0.6,64.0,43.0,27.0,16.0,0.2,39720.0
2026-09-13 19:00:00,-3.9985,122.5129,16.4,11.2,431.0,1.5,0.7,60.0,0.0,0.0,0.0,0.0,39720.0
2026-09-13 20:00:00,-3.9985,122.5129,16.4,11.4,516.0,1.8,0.7,57.0,0.0,0.0,0.0,0.0,36080.0
2026-09-13 21:00:00,-3.9985,122.5129,16.5,11.6,560.0,2.3,0.7,53.0,0.0,0.0,0.0,0.0,36080.0
2026-09-13 22:00:00,-3.9985,122.5129,17.3,12.4,577.0,3.1,0.8,48.0,0.0,0.0,0.0,0.0,36080.0
2026-09-13 23:00:00,-3.9985,122.5129,18.6,13.5,571.0,4.0,0.8,44.0,0.0,0.0,0.0,0.0,36060.0
2026-09-14 00:00:00,-3.9985,122.5129,20.0,14.4,526.0,4.9,0.8,43.0,0.0,0.0,0.0,0.0,36060.0
2026-09-14 01:00:00,-3.9985,122.5129,21.7,15.5,458.0,5.9,0.8,43.0,0.0,0.0,0.0,0.0,34920.0
2026-09-14 02:00:00,-3.9985,122.5129,23.1,16.5,414.0,7.1,0.9,42.0,0.0,0.0,0.0,0.0,25960.0
2026-09-14 03:00:00,-3.9985,122.5129,24.5,17.6,432.0,9.3,1.0,39.0,0.0,0.0,0.0,0.0,26200.0
2026-09-14 04:00:00,-3.9985,122.5129,25.9,18.9,474.0,11.8,1.2,35.0,0.0,0.0,0.0,0.0,18820.0
2026-09-14 05:00:00,-3.9985,122.5129,27.1,20.3,475.0,12.4,1.3,34.0,0.0,0.0,0.0,0.0,10060.0
2026-09-14 06:00:00,-3.9985,122.5129,29.1,22.7,390.0,9.6,1.2,40.0,2.0,0.0,2.0,0.0,14620.0
2026-09-14 07:00:00,-3.9985,122.5129,31.7,26.2,264.0,4.9,1.0,50.0,123.0,78.0,45.0,0.4,21580.0
2026-09-14 08:00:00,-3.9985,122.5129,17.5,11.6,164.0,1.3,0.8,59.0,358.0,269.0,89.0,2.5,16880.0
2026-09-14 09:00:00,-3.9985,122.5129,14.0,9.1,119.0,1.0,0.7,60.0,538.0,394.0,144.0,4.75,43120.0
2026-09-14 10:00:00,-3.9985,122.5129,13.6,8.9,100.0,0.7,0.6,62.0,749.0,600.0,149.0,6.85,27280.0
2026-09-14 11:00:00,-3.9985,122.5129,14.2,9.3,90.0,0.4,0.5,64.0,882.0,725.0,157.0,8.35,48060.0
2026-09-14 12:00:00,-3.9985,122.5129,14.9,9.8,84.0,0.3,0.5,65.0,944.0,778.0,166.0,9.05,48040.0
2026-09-14 13:00:00,-3.9985,122.5129,15.8,10.7,86.0,0.4,0.5,65.0,974.0,846.0,128.0,8.85,48040.0
2026-09-14 14:00:00,-3.9985,122.5129,17.3,11.8,91.0,0.5,0.5,65.0,869.0,747.0,122.0,7.75,48040.0
2026-09-14 15:00:00,-3.9985,122.5129,17.9,12.4,98.0,0.6,0.5,64.0,662.0,536.0,126.0,5.95,48040.0
2026-09-14 16:00:00,-3.9985,122.5129,17.5,12.3,108.0,0.8,0.6,63.0,477.0,379.0,98.0,3.7,43100.0
2026-09-14 17:00:00,-3.9985,122.5129,16.6,11.6,119.0,1.1,0.7,60.0,249.0,183.0,66.0,1.55,43100.0
2026-09-14 18:00:00,-3.9985,122.5129,15.8,11.1,127.0,1.6,0.8,56.0,43.0,25.0,18.0,0.2,39660.0
2026-09-14 19:00:00,-3.9985,122.5129,15.9,11.3,135.0,2.3,0.9,51.0,0.0,0.0,0.0,0.0,39660.0
2026-09-14 20:00:00,-3.9985,122.5129,14.3,10.3,151.0,2.4,0.9,49.0,0.0,0.0,0.0,0.0,39640.0
2026-09-14 21:00:00,-3.9985,122.5129,15.9,11.5,181.0,3.5,1.1,46.0,0.0,0.0,0.0,0.0,36020.0
2026-09-14 22:00:00,-3.9985,122.5129,18.3,13.7,218.0,5.1,1.3,42.0,0.0,0.0,0.0,0.0,36000.0
2026-09-14 23:00:00,-3.9985,122.5129,21.5,16.4,250.0,6.9,1.5,38.0,0.0,0.0,0.0,0.0,36000.0
2026-09-15 00:00:00,-3.9985,122.5129,23.7,18.3,274.0,8.9,1.7,36.0,0.0,0.0,0.0,0.0,36000.0
2026-09-15 01:00:00,-3.9985,122.5129,25.4,19.9,294.0,11.0,1.8,34.0,0.0,0.0,0.0,0.0,31900.0
2026-09-15 02:00:00,-3.9985,122.5129,27.5,21.9,304.0,12.9,1.8,31.0,0.0,0.0,0.0,0.0,28320.0
2026-09-15 03:00:00,-3.9985,122.5129,29.4,23.9,303.0,15.0,1.6,24.0,0.0,0.0,0.0,0.0,19200.0
2026-09-15 04:00:00,-3.9985,122.5129,30.3,25.1,294.0,16.8,1.3,16.0,0.0,0.0,0.0,0.0,340.0
2026-09-15 05:00:00,-3.9985,122.5129,30.2,25.4,278.0,16.6,1.1,14.0,0.0,0.0,0.0,0.0,140.0
2026-09-15 06:00:00,-3.9985,122.5129,30.0,25.7,257.0,12.5,1.1,26.0,2.0,0.0,2.0,0.0,100.0
2026-09-15 07:00:00,-3.9985,122.5129,27.0,23.8,229.0,6.3,1.2,44.0,110.0,47.0,63.0,0.7,28760.0
2026-09-15 08:00:00,-3.9985,122.5129,26.2,18.4,199.0,1.3,1.0,58.0,370.0,284.0,86.0,2.5,4920.0
2026-09-15 09:00:00,-3.9985,122.5129,14.6,9.7,161.0,1.0,0.8,60.0,587.0,472.0,115.0,4.75,1960.0
2026-09-15 10:00:00,-3.9985,122.5129,10.7,7.0,119.0,0.7,0.6,63.0,644.0,382.0,262.0,6.85,11080.0
2026-09-15 11:00:00,-3.9985,122.5129,9.8,6.4,91.0,0.4,0.5,65.0,835.0,605.0,230.0,8.35,13080.0
2026-09-15 12:00:00,-3.9985,122.5129,10.2,6.9,85.0,0.3,0.5,66.0,908.0,729.0,179.0,9.05,15420.0
2026-09-15 13:00:00,-3.9985,122.5129,11.2,7.8,92.0,0.4,0.5,67.0,913.0,745.0,168.0,8.85,47980.0
2026-09-15 14:00:00,-3.9985,122.5129,12.3,8.6,101.0,0.5,0.6,67.0,832.0,682.0,150.0,7.75,47980.0
2026-09-15 15:00:00,-3.9985,122.5129,13.0,9.2,106.0,0.6,0.6,65.0,671.0,536.0,135.0,5.9,47980.0
2026-09-15 16:00:00,-3.9985,122.5129,13.2,9.3,111.0,0.8,0.7,62.0,488.0,394.0,94.0,3.65,47960.0
2026-09-15 17:00:00,-3.9985,122.5129,13.2,9.2,123.0,1.1,0.7,59.0,249.0,182.0,67.0,1.55,43020.0
2026-09-15 18:00:00,-3.9985,122.5129,13.4,9.3,137.0,1.4,0.7,55.0,39.0,21.0,18.0,0.2,39580.0
2026-09-15 19:00:00,-3.9985,122.5129,13.6,9.4,157.0,1.8,0.8,50.0,0.0,0.0,0.0,0.0,39580.0
2026-09-15 20:00:00,-3.9985,122.5129,10.1,7.2,197.0,2.3,0.9,47.0,0.0,0.0,0.0,0.0,39580.0
2026-09-15 21:00:00,-3.9985,122.5129,11.0,8.0,281.0,3.1,1.0,43.0,0.0,0.0,0.0,0.0,35960.0
2026-09-15 22:00:00,-3.9985,122.5129,12.0,9.1,384.0,4.3,1.2,38.0,0.0,0.0,0.0,0.0,35940.0
2026-09-15 23:00:00,-3.9985,122.5129,14.1,11.0,448.0,6.0,1.3,33.0,0.0,0.0,0.0,0.0,35940.0
2026-09-16 00:00:00,-3.9985,122.5129,15.9,12.6,437.0,8.4,1.4,29.0,0.0,0.0,0.0,0.0,28740.0
2026-09-16 01:00:00,-3.9985,122.5129,18.2,14.8,387.0,11.2,1.6,26.0,0.0,0.0,0.0,0.0,25020.0
2026-09-16 02:00:00,-3.9985,122.5129,20.3,17.2,346.0,13.5,1.6,22.0,0.0,0.0,0.0,0.0,25020.0
2026-09-16 03:00:00,-3.9985,122.5129,21.3,18.6,337.0,15.4,1.4,15.0,0.0,0.0,0.0,0.0,19320.0
2026-09-16 04:00:00,-3.9985,122.5129,20.9,18.6,336.0,16.7,1.2,8.0,0.0,0.0,0.0,0.0,19320.0
2026-09-16 05:00:00,-3.9985,122.5129,21.2,19.1,323.0,16.1,1.0,8.0,0.0,0.0,0.0,0.0,880.0
2026-09-16 06:00:00,-3.9985,122.5129,22.9,20.8,283.0,12.1,1.1,21.0,3.0,1.0,2.0,0.0,240.0
2026-09-16 07:00:00,-3.9985,122.5129,26.1,24.1,230.0,6.2,1.3,40.0,124.0,69.0,55.0,0.7,31820.0
2026-09-16 08:00:00,-3.9985,122.5129,19.3,14.3,183.0,1.6,1.2,57.0,380.0,303.0,77.0,2.5,39540.0
2026-09-16 09:00:00,-3.9985,122.5129,12.6,8.9,148.0,1.3,1.0,61.0,577.0,451.0,126.0,4.8,4540.0
2026-09-16 10:00:00,-3.9985,122.5129,11.0,7.7,119.0,0.8,0.8,67.0,709.0,543.0,166.0,6.9,12560.0
2026-09-16 11:00:00,-3.9985,122.5129,10.7,7.5,99.0,0.5,0.6,71.0,747.0,554.0,193.0,8.4,20860.0
2026-09-16 12:00:00,-3.9985,122.5129,11.1,7.8,92.0,0.4,0.6,73.0,929.0,735.0,194.0,9.1,28960.0
2026-09-16 13:00:00,-3.9985,122.5129,11.9,8.4,94.0,0.5,0.6,73.0,786.0,469.0,317.0,8.85,47920.0
2026-09-16 14:00:00,-3.9985,122.5129,13.1,9.3,98.0,0.6,0.7,72.0,821.0,664.0,157.0,7.75,47900.0
2026-09-16 15:00:00,-3.9985,122.5129,14.5,10.2,101.0,0.7,0.7,70.0,668.0,549.0,119.0,5.25,47900.0
2026-09-16 16:00:00,-3.9985,122.5129,15.3,10.8,107.0,0.9,0.7,68.0,474.0,383.0,91.0,3.3,42960.0
2026-09-16 17:00:00,-3.9985,122.5129,15.4,10.6,116.0,1.1,0.7,65.0,243.0,178.0,65.0,1.55,39520.0
2026-09-16 18:00:00,-3.9985,122.5129,15.5,10.5,127.0,1.3,0.7,62.0,42.0,25.0,17.0,0.2,39520.0
2026-09-16 19:00:00,-3.9985,122.5129,15.5,10.4,143.0,1.5,0.7,59.0,0.0,0.0,0.0,0.0,35900.0
2026-09-16 20:00:00,-3.9985,122.5129,16.5,11.0,171.0,1.8,0.8,57.0,0.0,0.0,0.0,0.0,35900.0
2026-09-16 21:00:00,-3.9985,122.5129,17.1,11.5,224.0,2.3,0.8,53.0,0.0,0.0,0.0,0.0,35900.0
2026-09-16 22:00:00,-3.9985,122.5129,17.9,12.2,290.0,3.2,0.9,48.0,0.0,0.0,0.0,0.0,35880.0
2026-09-16 23:00:00,-3.9985,122.5129,19.9,14.1,340.0,4.7,1.0,42.0,0.0,0.0,0.0,0.0,35880.0
2026-09-17 00:00:00,-3.9985,122.5129,22.7,16.6,360.0,7.3,1.1,36.0,0.0,0.0,0.0,0.0,28680.0
2026-09-17 01:00:00,-3.9985,122.5129,25.4,19.4,364.0,10.6,1.2,31.0,0.0,0.0,0.0,0.0,24980.0
2026-09-17 02:00:00,-3.9985,122.5129,26.5,21.1,362.0,13.1,1.3,25.0,0.0,0.0,0.0,0.0,24980.0
2026-09-17 03:00:00,-3.9985,122.5129,24.6,20.4,361.0,14.9,1.2,17.0,0.0,0.0,0.0,0.0,24980.0
2026-09-17 04:00:00,-3.9985,122.5129,22.8,19.5,355.0,15.9,1.0,10.0,0.0,0.0,0.0,0.0,19280.0
2026-09-17 05:00:00,-3.9985,122.5129,22.2,19.4,338.0,15.3,0.9,10.0,0.0,0.0,0.0,0.0,19280.0
2026-09-17 06:00:00,-3.9985,122.5129,23.2,20.7,303.0,11.6,1.1,25.0,3.0,1.0,2.0,0.0,19160.0
2026-09-17 07:00:00,-3.9985,122.5129,25.2,22.9,258.0,6.1,1.4,47.0,132.0,85.0,47.0,0.7,31100.0
2026-09-17 08:00:00,-3.9985,122.5129,23.9,16.5,213.0,1.6,1.3,61.0,371.0,293.0,78.0,2.55,9360.0
2026-09-17 09:00:00,-3.9985,122.5129,19.3,13.2,170.0,1.3,1.1,64.0,586.0,467.0,119.0,4.8,1980.0
2026-09-17 10:00:00,-3.9985,122.5129,15.8,10.7,128.0,0.8,0.8,68.0,759.0,615.0,144.0,6.9,2700.0
2026-09-17 11:00:00,-3.9985,122.5129,14.7,9.9,98.0,0.5,0.6,71.0,809.0,593.0,216.0,8.4,6740.0
2026-09-17 12:00:00,-3.9985,122.5129,14.1,9.5,87.0,0.4,0.6,72.0,838.0,597.0,241.0,9.1,11580.0
2026-09-17 13:00:00,-3.9985,122.5129,13.7,9.3,88.0,0.5,0.7,72.0,651.0,357.0,294.0,8.85,18340.0
2026-09-17 14:00:00,-3.9985,122.5129,13.9,9.4,91.0,0.6,0.7,71.0,757.0,572.0,185.0,7.75,36800.0
2026-09-17 15:00:00,-3.9985,122.5129,14.2,9.5,93.0,0.7,0.7,69.0,526.0,334.0,192.0,4.8,42900.0
2026-09-17 16:00:00,-3.9985,122.5129,14.1,9.3,97.0,0.8,0.6,67.0,438.0,333.0,105.0,2.55,42880.0
2026-09-17 17:00:00,-3.9985,122.5129,14.3,9.3,102.0,1.0,0.6,65.0,244.0,180.0,64.0,1.3,42880.0
2026-09-17 18:00:00,-3.9985,122.5129,14.1,9.2,100.0,1.1,0.6,63.0,41.0,25.0,16.0,0.2,39460.0
2026-09-17 19:00:00,-3.9985,122.5129,14.2,9.5,99.0,1.2,0.6,61.0,0.0,0.0,0.0,0.0,39460.0
2026-09-17 20:00:00,-3.9985,122.5129,13.2,8.8,122.0,1.7,0.7,58.0,0.0,0.0,0.0,0.0,39460.0
2026-09-17 21:00:00,-3.9985,122.5129,13.4,9.0,194.0,2.3,0.8,54.0,0.0,0.0,0.0,0.0,39460.0
2026-09-17 22:00:00,-3.9985,122.5129,14.1,9.7,289.0,3.2,0.9,48.0,0.0,0.0,0.0,0.0,35840.0
2026-09-17 23:00:00,-3.9985,122.5129,15.8,11.3,355.0,4.7,1.0,43.0,0.0,0.0,0.0,0.0,35840.0
2026-09-18 00:00:00,-3.9985,122.5129,17.9,13.3,363.0,7.4,1.2,40.0,0.0,0.0,0.0,0.0,31740.0
2026-09-18 01:00:00,-3.9985,122.5129,20.2,15.5,342.0,10.7,1.5,37.0,0.0,0.0,0.0,0.0,28640.0
2026-09-18 02:00:00,-3.9985,122.5129,22.4,17.7,324.0,13.3,1.6,33.0,0.0,0.0,0.0,0.0,28640.0
2026-09-18 03:00:00,-3.9985,122.5129,24.0,19.5,326.0,15.2,1.4,25.0,0.0,0.0,0.0,0.0,28640.0
2026-09-18 04:00:00,-3.9985,122.5129,22.8,19.1,331.0,16.4,1.2,15.0,0.0,0.0,0.0,0.0,28640.0
2026-09-18 05:00:00,-3.9985,122.5129,21.2,18.0,319.0,15.8,1.0,14.0,0.0,0.0,0.0,0.0,28640.0
2026-09-18 06:00:00,-3.9985,122.5129,20.5,17.9,274.0,12.0,1.1,27.0,4.0,1.0,3.0,0.0,24940.0
2026-09-18 07:00:00,-3.9985,122.5129,21.7,19.6,213.0,6.4,1.4,49.0,139.0,95.0,44.0,0.7,35820.0
2026-09-18 08:00:00,-3.9985,122.5129,17.7,12.2,163.0,1.7,1.2,65.0,381.0,304.0,77.0,2.15,32180.0
2026-09-18 09:00:00,-3.9985,122.5129,14.5,9.9,137.0,1.3,1.1,68.0,561.0,421.0,140.0,4.55,42840.0
2026-09-18 10:00:00,-3.9985,122.5129,12.3,8.4,123.0,0.9,0.9,72.0,785.0,653.0,132.0,6.65,42840.0
2026-09-18 11:00:00,-3.9985,122.5129,10.9,7.5,114.0,0.5,0.7,75.0,933.0,807.0,126.0,8.2,42840.0
2026-09-18 12:00:00,-3.9985,122.5129,10.3,7.0,108.0,0.4,0.6,74.0,979.0,830.0,149.0,8.7,47780.0
2026-09-18 13:00:00,-3.9985,122.5129,9.7,6.6,106.0,0.3,0.6,72.0,951.0,813.0,138.0,8.75,47780.0
2026-09-18 14:00:00,-3.9985,122.5129,9.7,6.5,106.0,0.4,0.6,69.0,846.0,702.0,144.0,7.7,47780.0
2026-09-18 15:00:00,-3.9985,122.5129,9.7,6.5,109.0,0.5,0.6,66.0,670.0,542.0,128.0,5.8,42820.0
2026-09-18 16:00:00,-3.9985,122.5129,9.7,6.4,115.0,0.7,0.6,63.0,450.0,325.0,125.0,3.55,39400.0
2026-09-18 17:00:00,-3.9985,122.5129,9.9,6.5,119.0,0.9,0.6,60.0,237.0,158.0,79.0,1.45,39400.0
2026-09-18 18:00:00,-3.9985,122.5129,10.5,6.9,118.0,1.2,0.7,57.0,38.0,19.0,19.0,0.2,39400.0
2026-09-18 19:00:00,-3.9985,122.5129,11.5,7.6,115.0,1.6,0.7,55.0,0.0,0.0,0.0,0.0,39400.0
2026-09-18 20:00:00,-3.9985,122.5129,10.3,7.0,119.0,1.6,0.7,55.0,0.0,0.0,0.0,0.0,39400.0
2026-09-18 21:00:00,-3.9985,122.5129,10.9,7.6,134.0,2.0,0.8,52.0,0.0,0.0,0.0,0.0,35780.0
2026-09-18 22:00:00,-3.9985,122.5129,10.2,7.3,155.0,2.6,0.8,48.0,0.0,0.0,0.0,0.0,35780.0
2026-09-18 23:00:00,-3.9985,122.5129,9.2,6.8,177.0,3.4,0.9,44.0,0.0,0.0,0.0,0.0,35780.0
2026-09-19 00:00:00,-3.9985,122.5129,9.6,7.2,200.0,4.4,0.9,41.0,0.0,0.0,0.0,0.0,35760.0
2026-09-19 01:00:00,-3.9985,122.5129,11.1,8.4,223.0,5.6,0.9,39.0,0.0,0.0,0.0,0.0,26160.0
2026-09-19 02:00:00,-3.9985,122.5129,12.6,9.6,238.0,6.5,0.9,37.0,0.0,0.0,0.0,0.0,31400.0
2026-09-19 03:00:00,-3.9985,122.5129,13.8,10.6,241.0,7.2,0.9,35.0,0.0,0.0,0.0,0.0,25780.0
2026-09-19 04:00:00,-3.9985,122.5129,14.7,11.2,235.0,7.7,0.9,34.0,0.0,0.0,0.0,0.0,22820.0
2026-09-19 05:00:00,-3.9985,122.5129,15.9,12.2,223.0,7.4,0.9,35.0,0.0,0.0,0.0,0.0,24580.0
2026-09-19 06:00:00,-3.9985,122.5129,18.1,14.1,204.0,5.7,0.9,40.0,4.0,1.0,3.0,0.0,22760.0
2026-09-19 07:00:00,-3.9985,122.5129,16.4,12.9,179.0,3.3,0.9,46.0,126.0,67.0,59.0,0.75,23360.0
2026-09-19 08:00:00,-3.9985,122.5129,12.4,8.9,157.0,1.3,0.8,54.0,351.0,252.0,99.0,2.55,14520.0
2026-09-19 09:00:00,-3.9985,122.5129,12.3,9.1,138.0,1.0,0.7,55.0,558.0,418.0,140.0,4.7,19340.0
2026-09-19 10:00:00,-3.9985,122.5129,13.0,9.7,121.0,0.7,0.7,57.0,772.0,641.0,131.0,6.9,19020.0
2026-09-19 11:00:00,-3.9985,122.5129,13.9,10.6,115.0,0.4,0.6,59.0,874.0,650.0,224.0,8.45,15160.0
2026-09-19 12:00:00,-3.9985,122.5129,14.8,11.3,126.0,0.4,0.6,62.0,911.0,737.0,174.0,9.15,42760.0
2026-09-19 13:00:00,-3.9985,122.5129,15.2,11.7,148.0,0.5,0.5,65.0,889.0,723.0,166.0,8.9,42760.0
2026-09-19 14:00:00,-3.9985,122.5129,16.0,12.5,163.0,0.6,0.5,67.0,809.0,658.0,151.0,6.9,42760.0
2026-09-19 15:00:00,-3.9985,122.5129,16.7,13.0,164.0,0.7,0.5,69.0,617.0,474.0,143.0,5.6,42760.0
2026-09-19 16:00:00,-3.9985,122.5129,16.6,13.0,158.0,0.8,0.5,69.0,440.0,315.0,125.0,3.6,39340.0
2026-09-19 17:00:00,-3.9985,122.5129,16.2,12.5,155.0,1.0,0.5,69.0,220.0,133.0,87.0,1.5,35740.0
2026-09-19 18:00:00,-3.9985,122.5129,16.5,12.5,158.0,1.3,0.6,67.0,32.0,10.0,22.0,0.2,35720.0
2026-09-19 19:00:00,-3.9985,122.5129,17.8,13.5,163.0,1.7,0.7,64.0,0.0,0.0,0.0,0.0,39340.0
2026-09-19 20:00:00,-3.9985,122.5129,18.3,14.3,171.0,1.9,0.8,63.0,0.0,0.0,0.0,0.0,35720.0
2026-09-19 21:00:00,-3.9985,122.5129,19.6,15.5,184.0,2.4,0.8,59.0,0.0,0.0,0.0,0.0,35720.0
2026-09-19 22:00:00,-3.9985,122.5129,18.3,15.0,199.0,3.1,0.8,54.0,0.0,0.0,0.0,0.0,35720.0
2026-09-19 23:00:00,-3.9985,122.5129,18.7,15.5,215.0,4.0,0.9,50.0,0.0,0.0,0.0,0.0,31640.0
2026-09-20 00:00:00,-3.9985,122.5129,20.0,16.6,230.0,5.3,1.0,49.0,0.0,0.0,0.0,0.0,28520.0
2026-09-20 01:00:00,-3.9985,122.5129,21.8,18.1,244.0,6.8,1.1,49.0,0.0,0.0,0.0,0.0,19960.0
2026-09-20 02:00:00,-3.9985,122.5129,23.4,19.6,258.0,8.2,1.2,48.0,0.0,0.0,0.0,0.0,14320.0
2026-09-20 03:00:00,-3.9985,122.5129,24.9,21.1,272.0,9.9,1.3,45.0,0.0,0.0,0.0,0.0,10760.0
2026-09-20 04:00:00,-3.9985,122.5129,25.3,21.5,285.0,11.5,1.4,41.0,0.0,0.0,0.0,0.0,10440.0
2026-09-20 05:00:00,-3.9985,122.5129,26.7,23.0,291.0,11.7,1.4,41.0,0.0,0.0,0.0,0.0,7240.0
2026-09-20 06:00:00,-3.9985,122.5129,22.8,20.1,285.0,9.1,1.3,49.0,3.0,0.0,3.0,0.0,7360.0
2026-09-20 07:00:00,-3.9985,122.5129,21.9,18.9,273.0,5.0,1.2,60.0,104.0,48.0,56.0,0.75,7340.0
2026-09-20 08:00:00,-3.9985,122.5129,14.9,12.5,265.0,1.4,0.9,68.0,323.0,222.0,101.0,2.6,9460.0
2026-09-20 09:00:00,-3.9985,122.5129,16.0,13.2,270.0,1.1,0.8,69.0,535.0,399.0,136.0,4.85,16260.0
2026-09-20 10:00:00,-3.9985,122.5129,17.5,14.3,280.0,0.8,0.7,71.0,767.0,641.0,126.0,6.8,16540.0
2026-09-20 11:00:00,-3.9985,122.5129,18.6,15.1,281.0,0.5,0.6,73.0,880.0,734.0,146.0,6.45,13500.0
2026-09-20 12:00:00,-3.9985,122.5129,19.5,15.9,260.0,0.4,0.6,75.0,909.0,740.0,169.0,3.9,21660.0
2026-09-20 13:00:00,-3.9985,122.5129,21.0,17.2,229.0,0.5,0.6,77.0,913.0,784.0,129.0,4.4,22580.0
2026-09-20 14:00:00,-3.9985,122.5129,22.4,18.6,211.0,0.6,0.6,79.0,844.0,719.0,125.0,4.5,42700.0
2026-09-20 15:00:00,-3.9985,122.5129,24.9,20.7,216.0,0.7,0.6,82.0,681.0,564.0,117.0,3.55,42680.0
2026-09-20 16:00:00,-3.9985,122.5129,26.4,22.1,234.0,0.9,0.7,85.0,454.0,354.0,100.0,3.25,39280.0
2026-09-20 17:00:00,-3.9985,122.5129,27.2,22.9,255.0,1.1,0.7,86.0,234.0,170.0,64.0,1.5,23620.0
2026-09-20 18:00:00,-3.9985,122.5129,27.0,22.9,280.0,1.3,0.7,85.0,37.0,21.0,16.0,0.2,29940.0
2026-09-20 19:00:00,-3.9985,122.5129,26.9,22.8,308.0,1.6,0.8,84.0,0.0,0.0,0.0,0.0,35660.0
2026-09-20 20:00:00,-3.9985,122.5129,23.1,20.0,329.0,1.6,0.8,82.0,0.0,0.0,0.0,0.0,35660.0
2026-09-20 21:00:00,-3.9985,122.5129,21.3,18.6,338.0,1.9,0.8,77.0,0.0,0.0,0.0,0.0,35660.0
2026-09-20 22:00:00,-3.9985,122.5129,20.5,17.9,339.0,2.3,0.8,70.0,0.0,0.0,0.0,0.0,35660.0
2026-09-20 23:00:00,-3.9985,122.5129,19.6,17.1,335.0,2.9,0.8,63.0,0.0,0.0,0.0,0.0,35080.0
2026-09-21 00:00:00,-3.9985,122.5129,18.5,16.0,322.0,3.7,0.8,56.0,0.0,0.0,0.0,0.0,30800.0
2026-09-21 01:00:00,-3.9985,122.5129,18.0,15.4,303.0,4.6,0.8,49.0,0.0,0.0,0.0,0.0,21140.0
2026-09-21 02:00:00,-3.9985,122.5129,18.6,15.7,290.0,5.4,0.8,43.0,0.0,0.0,0.0,0.0,17020.0
2026-09-21 03:00:00,-3.9985,122.5129,18.9,15.7,292.0,6.2,0.8,39.0,0.0,0.0,0.0,0.0,19920.0
2026-09-21 04:00:00,-3.9985,122.5129,18.6,15.3,300.0,6.9,0.9,37.0,0.0,0.0,0.0,0.0,10540.0
2026-09-21 05:00:00,-3.9985,122.5129,19.1,15.5,297.0,6.9,0.9,38.0,0.0,0.0,0.0,0.0,10460.0
2026-09-21 06:00:00,-3.9985,122.5129,21.1,17.5,273.0,5.4,0.9,44.0,4.0,1.0,3.0,0.0,15600.0
2026-09-21 07:00:00,-3.9985,122.5129,18.6,14.8,239.0,3.2,1.0,52.0,136.0,86.0,50.0,0.75,22380.0
2026-09-21 08:00:00,-3.9985,122.5129,13.7,10.8,212.0,1.2,0.9,61.0,371.0,278.0,93.0,2.6,14480.0
2026-09-21 09:00:00,-3.9985,122.5129,13.4,10.4,199.0,1.0,0.8,64.0,576.0,441.0,135.0,4.9,13220.0
2026-09-21 10:00:00,-3.9985,122.5129,14.0,10.9,193.0,0.7,0.8,68.0,761.0,628.0,133.0,6.95,19300.0
2026-09-21 11:00:00,-3.9985,122.5129,14.8,11.6,190.0,0.5,0.7,71.0,895.0,738.0,157.0,8.45,17820.0
2026-09-21 12:00:00,-3.9985,122.5129,15.6,12.2,190.0,0.5,0.7,72.0,912.0,744.0,168.0,9.1,42620.0
2026-09-21 13:00:00,-3.9985,122.5129,16.1,12.6,194.0,0.5,0.8,72.0,934.0,784.0,150.0,8.85,42620.0
2026-09-21 14:00:00,-3.9985,122.5129,16.2,12.7,196.0,0.6,0.8,71.0,837.0,713.0,124.0,7.75,20320.0
2026-09-21 15:00:00,-3.9985,122.5129,15.9,12.4,193.0,0.7,0.8,69.0,663.0,546.0,117.0,5.5,8280.0
2026-09-21 16:00:00,-3.9985,122.5129,15.0,11.7,189.0,0.9,0.8,67.0,448.0,341.0,107.0,3.6,35180.0
2026-09-21 17:00:00,-3.9985,122.5129,14.2,11.0,188.0,1.1,0.8,64.0,239.0,172.0,67.0,1.5,39220.0
2026-09-21 18:00:00,-3.9985,122.5129,13.4,10.2,194.0,1.4,0.8,60.0,34.0,18.0,16.0,0.2,39220.0
2026-09-21 19:00:00,-3.9985,122.5129,13.3,10.0,202.0,1.7,0.9,55.0,0.0,0.0,0.0,0.0,35620.0
2026-09-21 20:00:00,-3.9985,122.5129,13.7,10.7,208.0,1.8,0.9,56.0,0.0,0.0,0.0,0.0,35620.0
2026-09-21 21:00:00,-3.9985,122.5129,13.9,10.9,208.0,2.1,0.9,53.0,0.0,0.0,0.0,0.0,35600.0
2026-09-21 22:00:00,-3.9985,122.5129,14.2,11.3,205.0,2.5,0.9,49.0,0.0,0.0,0.0,0.0,31540.0
2026-09-21 23:00:00,-3.9985,122.5129,14.6,11.7,203.0,3.1,0.9,45.0,0.0,0.0,0.0,0.0,31540.0
2026-09-22 00:00:00,-3.9985,122.5129,15.5,12.4,201.0,4.0,0.9,41.0,0.0,0.0,0.0,0.0,31540.0
2026-09-22 01:00:00,-3.9985,122.5129,17.3,13.8,200.0,5.1,0.9,37.0,0.0,0.0,0.0,0.0,31540.0
2026-09-22 02:00:00,-3.9985,122.5129,18.9,15.1,207.0,6.3,0.9,34.0,0.0,0.0,0.0,0.0,21300.0
2026-09-22 03:00:00,-3.9985,122.5129,20.6,16.5,235.0,7.9,1.0,31.0,0.0,0.0,0.0,0.0,23520.0
2026-09-22 04:00:00,-3.9985,122.5129,22.2,17.9,271.0,9.6,1.1,28.0,0.0,0.0,0.0,0.0,26380.0
2026-09-22 05:00:00,-3.9985,122.5129,24.2,19.7,288.0,9.9,1.2,30.0,0.0,0.0,0.0,0.0,21560.0
2026-09-22 06:00:00,-3.9985,122.5129,26.6,22.1,264.0,7.6,1.2,39.0,5.0,1.0,4.0,0.0,3440.0
2026-09-22 07:00:00,-3.9985,122.5129,24.3,19.5,221.0,4.0,1.1,51.0,127.0,75.0,52.0,0.75,15440.0
2026-09-22 08:00:00,-3.9985,122.5129,20.4,15.8,191.0,1.3,1.0,63.0,332.0,228.0,104.0,2.65,29960.0
2026-09-22 09:00:00,-3.9985,122.5129,20.7,16.2,191.0,1.1,0.9,67.0,588.0,461.0,127.0,4.9,13080.0
2026-09-22 10:00:00,-3.9985,122.5129,21.4,17.0,204.0,0.7,0.8,72.0,768.0,610.0,158.0,7.0,14280.0
2026-09-22 11:00:00,-3.9985,122.5129,21.6,17.2,215.0,0.5,0.7,75.0,840.0,668.0,172.0,8.5,14480.0
2026-09-22 12:00:00,-3.9985,122.5129,21.3,17.0,220.0,0.5,0.7,76.0,871.0,673.0,198.0,9.15,42560.0
2026-09-22 13:00:00,-3.9985,122.5129,22.1,17.6,222.0,0.5,0.7,75.0,894.0,726.0,168.0,8.9,47500.0
2026-09-22 14:00:00,-3.9985,122.5129,23.6,18.8,221.0,0.6,0.7,73.0,808.0,670.0,138.0,7.75,42560.0
2026-09-22 15:00:00,-3.9985,122.5129,24.5,19.4,214.0,0.7,0.7,69.0,632.0,491.0,141.0,5.9,42560.0
2026-09-22 16:00:00,-3.9985,122.5129,24.4,19.2,203.0,0.8,0.7,63.0,453.0,354.0,99.0,3.65,42560.0
2026-09-22 17:00:00,-3.9985,122.5129,23.5,18.3,193.0,1.0,0.7,58.0,237.0,170.0,67.0,1.45,42540.0
2026-09-22 18:00:00,-3.9985,122.5129,22.5,17.2,183.0,1.2,0.7,54.0,37.0,20.0,17.0,0.2,35560.0
2026-09-22 19:00:00,-3.9985,122.5129,21.6,16.2,173.0,1.5,0.8,51.0,0.0,0.0,0.0,0.0,35560.0
2026-09-22 20:00:00,-3.9985,122.5129,22.8,16.9,170.0,1.5,0.7,49.0,0.0,0.0,0.0,0.0,35560.0
2026-09-22 21:00:00,-3.9985,122.5129,22.4,16.4,182.0,2.0,0.8,46.0,0.0,0.0,0.0,0.0,35560.0
2026-09-22 22:00:00,-3.9985,122.5129,22.1,16.1,201.0,2.6,0.8,42.0,0.0,0.0,0.0,0.0,35540.0
2026-09-22 23:00:00,-3.9985,122.5129,20.6,15.1,210.0,3.4,0.9,39.0,0.0,0.0,0.0,0.0,31500.0
2026-09-23 00:00:00,-3.9985,122.5129,19.8,14.6,198.0,4.2,0.9,36.0,0.0,0.0,0.0,0.0,31500.0
2026-09-23 01:00:00,-3.9985,122.5129,20.6,15.0,176.0,5.2,0.8,34.0,0.0,0.0,0.0,0.0,31500.0
2026-09-23 02:00:00,-3.9985,122.5129,21.0,15.3,164.0,6.1,0.8,32.0,0.0,0.0,0.0,0.0,35540.0
2026-09-23 03:00:00,-3.9985,122.5129,21.9,15.8,174.0,7.5,0.9,31.0,0.0,0.0,0.0,0.0,31480.0
2026-09-23 04:00:00,-3.9985,122.5129,23.1,16.7,192.0,8.8,1.0,30.0,0.0,0.0,0.0,0.0,28420.0
2026-09-23 05:00:00,-3.9985,122.5129,24.3,17.8,202.0,9.0,1.1,33.0,0.0,0.0,0.0,0.0,19140.0
2026-09-23 06:00:00,-3.9985,122.5129,26.3,19.5,193.0,6.9,1.0,41.0,5.0,2.0,3.0,0.0,19140.0
2026-09-23 07:00:00,-3.9985,122.5129,22.3,16.9,175.0,3.6,0.9,52.0,144.0,97.0,47.0,0.8,22200.0
2026-09-23 08:00:00,-3.9985,122.5129,18.0,12.0,157.0,1.0,0.8,60.0,373.0,275.0,98.0,2.65,39120.0
2026-09-23 09:00:00,-3.9985,122.5129,19.3,13.3,141.0,0.8,0.8,63.0,591.0,456.0,135.0,4.9,39120.0
2026-09-23 10:00:00,-3.9985,122.5129,20.5,14.6,126.0,0.6,0.7,66.0,777.0,609.0,168.0,7.0,42500.0
2026-09-23 11:00:00,-3.9985,122.5129,20.5,14.6,115.0,0.4,0.7,68.0,940.0,804.0,136.0,8.5,42500.0
2026-09-23 12:00:00,-3.9985,122.5129,20.2,14.3,111.0,0.3,0.7,68.0,1000.0,877.0,123.0,9.15,42500.0
2026-09-23 13:00:00,-3.9985,122.5129,19.1,13.3,112.0,0.3,0.7,66.0,980.0,863.0,117.0,8.9,42500.0
2026-09-23 14:00:00,-3.9985,122.5129,17.5,12.1,114.0,0.4,0.7,64.0,860.0,738.0,122.0,7.7,42500.0
2026-09-23 15:00:00,-3.9985,122.5129,16.2,11.1,116.0,0.5,0.7,62.0,592.0,428.0,164.0,5.8,39100.0
2026-09-23 16:00:00,-3.9985,122.5129,15.3,10.5,119.0,0.7,0.7,60.0,489.0,399.0,90.0,3.65,39100.0
2026-09-23 17:00:00,-3.9985,122.5129,14.9,10.2,122.0,0.9,0.7,57.0,244.0,181.0,63.0,1.5,39080.0
2026-09-23 18:00:00,-3.9985,122.5129,15.5,10.7,125.0,1.2,0.8,54.0,38.0,22.0,16.0,0.2,35500.0
2026-09-23 19:00:00,-3.9985,122.5129,17.0,11.8,129.0,1.6,0.8,50.0,0.0,0.0,0.0,0.0,39080.0
2026-09-23 20:00:00,-3.9985,122.5129,13.2,9.4,135.0,1.9,0.9,52.0,0.0,0.0,0.0,0.0,35500.0
2026-09-23 21:00:00,-3.9985,122.5129,14.1,10.1,145.0,2.4,0.9,49.0,0.0,0.0,0.0,0.0,35500.0
2026-09-23 22:00:00,-3.9985,122.5129,15.1,10.9,157.0,3.1,1.0,45.0,0.0,0.0,0.0,0.0,35500.0
2026-09-23 23:00:00,-3.9985,122.5129,16.0,11.7,167.0,3.8,1.0,42.0,0.0,0.0,0.0,0.0,35500.0
2026-09-24 00:00:00,-3.9985,122.5129,16.1,11.8,171.0,4.4,1.0,39.0,0.0,0.0,0.0,0.0,31440.0
2026-09-24 01:00:00,-3.9985,122.5129,16.4,12.2,174.0,5.0,0.9,37.0,0.0,0.0,0.0,0.0,28380.0
2026-09-24 02:00:00,-3.9985,122.5129,17.8,13.3,179.0,5.6,0.9,35.0,0.0,0.0,0.0,0.0,21800.0
2026-09-24 03:00:00,-3.9985,122.5129,19.7,14.9,195.0,6.5,0.9,33.0,0.0,0.0,0.0,0.0,24800.0
2026-09-24 04:00:00,-3.9985,122.5129,21.6,16.4,214.0,7.3,0.9,32.0,0.0,0.0,0.0,0.0,24420.0
2026-09-24 05:00:00,-3.9985,122.5129,22.9,17.5,221.0,7.3,0.9,35.0,0.0,0.0,0.0,0.0,24720.0
2026-09-24 06:00:00,-3.9985,122.5129,25.1,19.6,206.0,5.6,0.9,45.0,5.0,2.0,3.0,0.0,19100.0
2026-09-24 07:00:00,-3.9985,122.5129,22.5,18.1,180.0,3.0,0.9,59.0,147.0,99.0,48.0,0.8,29920.0
2026-09-24 08:00:00,-3.9985,122.5129,23.9,17.8,160.0,1.0,0.9,68.0,387.0,302.0,85.0,2.65,39060.0
2026-09-24 09:00:00,-3.9985,122.5129,23.5,17.8,153.0,0.9,0.9,72.0,580.0,450.0,130.0,4.9,42440.0
2026-09-24 10:00:00,-3.9985,122.5129,23.6,18.3,153.0,0.7,0.9,77.0,772.0,631.0,141.0,7.05,42440.0
2026-09-24 11:00:00,-3.9985,122.5129,23.6,18.4,155.0,0.6,0.9,80.0,919.0,787.0,132.0,8.55,47380.0
2026-09-24 12:00:00,-3.9985,122.5129,22.9,18.0,160.0,0.6,0.9,81.0,903.0,709.0,194.0,9.2,47380.0
2026-09-24 13:00:00,-3.9985,122.5129,22.3,17.5,167.0,0.5,0.9,79.0,926.0,742.0,184.0,8.95,47380.0
2026-09-24 14:00:00,-3.9985,122.5129,21.2,16.4,175.0,0.6,0.9,77.0,745.0,519.0,226.0,7.8,42420.0
2026-09-24 15:00:00,-3.9985,122.5129,19.2,14.7,182.0,0.7,0.8,73.0,547.0,358.0,189.0,5.8,42420.0
2026-09-24 16:00:00,-3.9985,122.5129,17.1,13.0,190.0,0.9,0.8,68.0,433.0,270.0,163.0,3.3,39040.0
2026-09-24 17:00:00,-3.9985,122.5129,15.2,11.4,194.0,1.1,0.7,63.0,237.0,166.0,71.0,1.45,39020.0
2026-09-24 18:00:00,-3.9985,122.5129,13.9,10.3,193.0,1.4,0.7,59.0,37.0,20.0,17.0,0.2,33960.0
2026-09-24 19:00:00,-3.9985,122.5129,13.6,10.0,190.0,1.7,0.7,55.0,0.0,0.0,0.0,0.0,34560.0
2026-09-24 20:00:00,-3.9985,122.5129,12.8,9.3,188.0,1.7,0.8,55.0,0.0,0.0,0.0,0.0,34940.0
2026-09-24 21:00:00,-3.9985,122.5129,10.7,8.1,192.0,2.1,0.8,52.0,0.0,0.0,0.0,0.0,34840.0
2026-09-24 22:00:00,-3.9985,122.5129,10.5,8.1,197.0,2.6,0.9,48.0,0.0,0.0,0.0,0.0,31400.0
2026-09-24 23:00:00,-3.9985,122.5129,10.5,8.2,197.0,3.1,0.9,45.0,0.0,0.0,0.0,0.0,20820.0
2026-09-25 00:00:00,-3.9985,122.5129,10.8,8.5,184.0,3.5,0.9,43.0,0.0,0.0,0.0,0.0,29320.0
2026-09-25 01:00:00,-3.9985,122.5129,11.5,9.1,166.0,4.0,0.8,41.0,0.0,0.0,0.0,0.0,28320.0
2026-09-25 02:00:00,-3.9985,122.5129,12.3,9.8,161.0,4.4,0.8,39.0,0.0,0.0,0.0,0.0,29780.0
2026-09-25 03:00:00,-3.9985,122.5129,12.6,10.2,184.0,5.0,0.8,36.0,0.0,0.0,0.0,0.0,25440.0
2026-09-25 04:00:00,-3.9985,122.5129,13.1,10.6,220.0,5.6,0.8,34.0,0.0,0.0,0.0,0.0,27260.0
2026-09-25 05:00:00,-3.9985,122.5129,14.1,11.4,241.0,5.5,0.8,35.0,0.0,0.0,0.0,0.0,28320.0
2026-09-25 06:00:00,-3.9985,122.5129,16.6,13.6,231.0,4.3,0.8,44.0,5.0,2.0,3.0,0.05,24680.0
2026-09-25 07:00:00,-3.9985,122.5129,16.3,12.7,206.0,2.4,0.9,56.0,147.0,97.0,50.0,0.8,35420.0
2026-09-25 08:00:00,-3.9985,122.5129,13.5,9.9,188.0,1.0,0.9,66.0,390.0,306.0,84.0,2.7,39000.0
2026-09-25 09:00:00,-3.9985,122.5129,13.6,10.2,184.0,0.9,0.9,69.0,630.0,534.0,96.0,5.0,8200.0
2026-09-25 10:00:00,-3.9985,122.5129,13.8,10.5,187.0,0.6,0.8,74.0,812.0,699.0,113.0,7.1,7200.0
2026-09-25 11:00:00,-3.9985,122.5129,14.2,10.9,196.0,0.5,0.8,77.0,896.0,746.0,150.0,8.55,12020.0
2026-09-25 12:00:00,-3.9985,122.5129,14.7,11.4,214.0,0.4,0.8,78.0,849.0,644.0,205.0,9.2,42360.0
2026-09-25 13:00:00,-3.9985,122.5129,15.1,11.7,238.0,0.4,0.7,78.0,813.0,560.0,253.0,8.95,42360.0
2026-09-25 14:00:00,-3.9985,122.5129,15.9,12.3,254.0,0.5,0.7,78.0,814.0,664.0,150.0,7.25,42360.0
2026-09-25 15:00:00,-3.9985,122.5129,16.3,12.7,256.0,0.6,0.7,78.0,669.0,545.0,124.0,5.4,42360.0
2026-09-25 16:00:00,-3.9985,122.5129,16.2,12.7,251.0,0.9,0.7,78.0,459.0,367.0,92.0,3.35,42360.0
2026-09-25 17:00:00,-3.9985,122.5129,15.9,12.6,245.0,1.1,0.7,76.0,235.0,171.0,64.0,1.35,42340.0
2026-09-25 18:00:00,-3.9985,122.5129,15.7,12.4,240.0,1.3,0.7,73.0,37.0,21.0,16.0,0.2,35400.0
2026-09-25 19:00:00,-3.9985,122.5129,15.7,12.4,235.0,1.5,0.7,69.0,0.0,0.0,0.0,0.0,35380.0
2026-09-25 20:00:00,-3.9985,122.5129,15.4,12.1,235.0,1.8,0.8,68.0,0.0,0.0,0.0,0.0,35200.0
2026-09-25 21:00:00,-3.9985,122.5129,15.2,11.9,243.0,2.2,0.8,63.0,0.0,0.0,0.0,0.0,35380.0
2026-09-25 22:00:00,-3.9985,122.5129,13.9,11.0,256.0,2.8,0.8,55.0,0.0,0.0,0.0,0.0,35380.0
2026-09-25 23:00:00,-3.9985,122.5129,13.9,11.1,270.0,3.9,0.9,49.0,0.0,0.0,0.0,0.0,31360.0
2026-09-26 00:00:00,-3.9985,122.5129,15.3,12.3,284.0,5.7,1.1,46.0,0.0,0.0,0.0,0.0,28280.0
2026-09-26 01:00:00,-3.9985,122.5129,17.2,13.9,299.0,8.1,1.2,44.0,0.0,0.0,0.0,0.0,24640.0
2026-09-26 02:00:00,-3.9985,122.5129,19.3,15.9,308.0,10.2,1.4,41.0,0.0,0.0,0.0,0.0,19060.0
2026-09-26 03:00:00,-3.9985,122.5129,21.5,17.9,312.0,12.5,1.5,36.0,0.0,0.0,0.0,0.0,18160.0
2026-09-26 04:00:00,-3.9985,122.5129,23.1,19.6,310.0,14.7,1.5,30.0,0.0,0.0,0.0,0.0,720.0
2026-09-26 05:00:00,-3.9985,122.5129,23.3,20.0,297.0,14.9,1.5,29.0,0.0,0.0,0.0,0.0,180.0
2026-09-26 06:00:00,-3.9985,122.5129,24.3,21.2,266.0,11.4,1.4,38.0,5.0,1.0,4.0,0.05,100.0
2026-09-26 07:00:00,-3.9985,122.5129,20.2,17.4,224.0,6.0,1.3,53.0,126.0,65.0,61.0,0.8,1060.0
2026-09-26 08:00:00,-3.9985,122.5129,14.6,10.8,189.0,1.4,1.0,66.0,376.0,280.0,96.0,2.7,35360.0
2026-09-26 09:00:00,-3.9985,122.5129,13.3,9.7,166.0,1.1,0.9,68.0,582.0,426.0,156.0,5.0,24440.0
2026-09-26 10:00:00,-3.9985,122.5129,12.0,8.7,150.0,0.7,0.7,71.0,742.0,563.0,179.0,7.1,38920.0
2026-09-26 11:00:00,-3.9985,122.5129,11.2,8.1,142.0,0.4,0.6,73.0,906.0,730.0,176.0,8.6,42300.0
2026-09-26 12:00:00,-3.9985,122.5129,10.7,7.7,146.0,0.3,0.6,73.0,987.0,850.0,137.0,9.25,42300.0
2026-09-26 13:00:00,-3.9985,122.5129,10.0,7.1,158.0,0.3,0.6,72.0,931.0,783.0,148.0,8.95,42300.0
2026-09-26 14:00:00,-3.9985,122.5129,9.2,6.5,168.0,0.4,0.6,70.0,792.0,605.0,187.0,7.8,42300.0
2026-09-26 15:00:00,-3.9985,122.5129,8.9,6.3,173.0,0.5,0.6,68.0,626.0,451.0,175.0,5.9,38920.0
2026-09-26 16:00:00,-3.9985,122.5129,8.9,6.2,176.0,0.7,0.6,65.0,483.0,383.0,100.0,3.6,38900.0
2026-09-26 17:00:00,-3.9985,122.5129,9.2,6.4,177.0,0.9,0.6,62.0,240.0,175.0,65.0,1.5,38900.0
2026-09-26 18:00:00,-3.9985,122.5129,9.5,6.6,174.0,1.2,0.7,59.0,36.0,21.0,15.0,0.2,34660.0
2026-09-26 19:00:00,-3.9985,122.5129,10.0,6.9,169.0,1.6,0.7,55.0,0.0,0.0,0.0,0.0,35340.0
2026-09-26 20:00:00,-3.9985,122.5129,11.0,7.9,167.0,1.9,0.8,52.0,0.0,0.0,0.0,0.0,35340.0
2026-09-26 21:00:00,-3.9985,122.5129,12.2,8.9,170.0,2.4,0.8,49.0,0.0,0.0,0.0,0.0,35320.0
2026-09-26 22:00:00,-3.9985,122.5129,10.9,8.2,177.0,3.0,0.9,45.0,0.0,0.0,0.0,0.0,31300.0
2026-09-26 23:00:00,-3.9985,122.5129,11.6,8.9,185.0,3.9,0.9,42.0,0.0,0.0,0.0,0.0,31300.0
2026-09-27 00:00:00,-3.9985,122.5129,12.8,10.0,197.0,4.9,0.9,40.0,0.0,0.0,0.0,0.0,31300.0
2026-09-27 01:00:00,-3.9985,122.5129,14.6,11.4,212.0,6.1,1.0,39.0,0.0,0.0,0.0,0.0,24600.0
2026-09-27 02:00:00,-3.9985,122.5129,16.4,13.0,222.0,7.4,1.0,38.0,0.0,0.0,0.0,0.0,17900.0
2026-09-27 03:00:00,-3.9985,122.5129,18.3,14.7,227.0,9.2,1.1,36.0,0.0,0.0,0.0,0.0,15020.0
2026-09-27 04:00:00,-3.9985,122.5129,20.1,16.3,228.0,11.0,1.2,33.0,0.0,0.0,0.0,0.0,320.0
2026-09-27 05:00:00,-3.9985,122.5129,21.6,17.8,222.0,11.3,1.3,35.0,0.0,0.0,0.0,0.0,100.0
2026-09-27 06:00:00,-3.9985,122.5129,23.6,19.7,205.0,8.7,1.2,45.0,5.0,1.0,4.0,0.05,80.0
2026-09-27 07:00:00,-3.9985,122.5129,20.3,17.2,182.0,4.6,1.0,58.0,125.0,58.0,67.0,0.85,280.0
2026-09-27 08:00:00,-3.9985,122.5129,13.5,9.4,164.0,1.1,0.8,69.0,361.0,242.0,119.0,2.75,38860.0
2026-09-27 09:00:00,-3.9985,122.5129,13.2,9.3,154.0,0.9,0.8,71.0,624.0,510.0,114.0,5.0,38860.0
2026-09-27 10:00:00,-3.9985,122.5129,14.1,10.3,149.0,0.6,0.7,73.0,803.0,669.0,134.0,7.1,42240.0
2026-09-27 11:00:00,-3.9985,122.5129,15.9,12.1,149.0,0.5,0.7,75.0,947.0,813.0,134.0,8.6,42240.0
2026-09-27 12:00:00,-3.9985,122.5129,18.4,14.4,157.0,0.6,0.8,77.0,1001.0,871.0,130.0,9.25,42240.0
2026-09-27 13:00:00,-3.9985,122.5129,20.7,16.6,171.0,0.8,0.9,78.0,947.0,787.0,160.0,8.95,42220.0
2026-09-27 14:00:00,-3.9985,122.5129,22.1,18.1,180.0,0.9,0.9,78.0,859.0,721.0,138.0,7.8,42220.0
2026-09-27 15:00:00,-3.9985,122.5129,21.8,18.0,180.0,0.9,0.8,75.0,677.0,541.0,136.0,5.9,42220.0
2026-09-27 16:00:00,-3.9985,122.5129,20.1,16.4,175.0,0.9,0.7,70.0,465.0,360.0,105.0,3.6,38840.0
2026-09-27 17:00:00,-3.9985,122.5129,18.3,14.7,171.0,1.0,0.6,66.0,240.0,174.0,66.0,1.45,38840.0
2026-09-27 18:00:00,-3.9985,122.5129,17.2,13.5,168.0,1.2,0.6,63.0,37.0,21.0,16.0,0.2,38840.0
2026-09-27 19:00:00,-3.9985,122.5129,16.9,13.0,164.0,1.4,0.7,60.0,0.0,0.0,0.0,0.0,35280.0
2026-09-27 20:00:00,-3.9985,122.5129,17.1,13.4,163.0,1.7,0.8,56.0,0.0,0.0,0.0,0.0,35280.0
2026-09-27 21:00:00,-3.9985,122.5129,16.1,12.8,164.0,2.3,0.8,52.0,0.0,0.0,0.0,0.0,34740.0
2026-09-27 22:00:00,-3.9985,122.5129,15.1,12.2,168.0,3.1,0.9,47.0,0.0,0.0,0.0,0.0,34860.0
2026-09-27 23:00:00,-3.9985,122.5129,16.1,13.2,173.0,4.0,0.9,42.0,0.0,0.0,0.0,0.0,35260.0
2026-09-28 00:00:00,-3.9985,122.5129,17.1,14.2,179.0,5.0,1.0,40.0,0.0,0.0,0.0,0.0,31260.0
2026-09-28 01:00:00,-3.9985,122.5129,19.4,16.1,186.0,6.1,1.0,38.0,0.0,0.0,0.0,0.0,31260.0
2026-09-28 02:00:00,-3.9985,122.5129,22.2,18.5,197.0,7.5,1.1,37.0,0.0,0.0,0.0,0.0,30340.0
2026-09-28 03:00:00,-3.9985,122.5129,25.1,21.1,217.0,9.9,1.2,34.0,0.0,0.0,0.0,0.0,30320.0
2026-09-28 04:00:00,-3.9985,122.5129,28.4,24.2,240.0,12.5,1.4,30.0,0.0,0.0,0.0,0.0,27260.0
2026-09-28 05:00:00,-3.9985,122.5129,31.3,27.2,249.0,13.2,1.5,31.0,0.0,0.0,0.0,0.0,27540.0
2026-09-28 06:00:00,-3.9985,122.5129,34.7,30.7,231.0,10.4,1.5,41.0,7.0,2.0,5.0,0.05,23920.0
2026-09-28 07:00:00,-3.9985,122.5129,32.5,28.9,199.0,5.8,1.3,55.0,154.0,105.0,49.0,0.85,34080.0
2026-09-28 08:00:00,-3.9985,122.5129,20.8,16.6,176.0,1.3,0.9,66.0,399.0,315.0,84.0,2.75,38800.0
2026-09-28 09:00:00,-3.9985,122.5129,22.0,17.6,172.0,1.1,0.9,69.0,603.0,469.0,134.0,5.05,42180.0
2026-09-28 10:00:00,-3.9985,122.5129,23.6,19.0,178.0,0.8,0.8,73.0,805.0,665.0,140.0,7.15,42180.0
2026-09-28 11:00:00,-3.9985,122.5129,25.5,20.8,186.0,0.6,0.8,77.0,908.0,747.0,161.0,8.65,47120.0
2026-09-28 12:00:00,-3.9985,122.5129,27.8,23.1,195.0,0.6,0.9,81.0,948.0,782.0,166.0,9.3,47120.0
2026-09-28 13:00:00,-3.9985,122.5129,31.3,26.4,206.0,0.7,0.9,86.0,904.0,655.0,249.0,9.0,42160.0
2026-09-28 14:00:00,-3.9985,122.5129,35.4,30.2,217.0,0.9,1.0,88.0,863.0,731.0,132.0,7.8,42160.0
2026-09-28 15:00:00,-3.9985,122.5129,38.5,33.2,224.0,1.1,1.0,87.0,686.0,567.0,119.0,5.9,38780.0
2026-09-28 16:00:00,-3.9985,122.5129,39.8,34.5,230.0,1.2,1.0,84.0,448.0,346.0,102.0,3.45,21840.0
2026-09-28 17:00:00,-3.9985,122.5129,38.8,33.6,244.0,1.5,1.0,80.0,230.0,166.0,64.0,1.45,35220.0
2026-09-28 18:00:00,-3.9985,122.5129,36.4,31.5,273.0,1.7,1.0,74.0,35.0,19.0,16.0,0.15,34660.0
2026-09-28 19:00:00,-3.9985,122.5129,32.2,28.1,310.0,1.9,1.0,68.0,0.0,0.0,0.0,0.0,35220.0
2026-09-28 20:00:00,-3.9985,122.5129,34.3,30.0,344.0,2.3,1.1,66.0,0.0,0.0,0.0,0.0,35220.0
2026-09-28 21:00:00,-3.9985,122.5129,32.8,28.9,372.0,3.6,1.3,61.0,0.0,0.0,0.0,0.0,35220.0
2026-09-28 22:00:00,-3.9985,122.5129,34.1,29.9,397.0,5.4,1.5,55.0,0.0,0.0,0.0,0.0,31200.0
2026-09-28 23:00:00,-3.9985,122.5129,36.3,31.9,413.0,7.2,1.7,48.0,0.0,0.0,0.0,0.0,28160.0
2026-09-29 00:00:00,-3.9985,122.5129,38.8,34.2,412.0,8.9,1.7,42.0,0.0,0.0,0.0,0.0,28160.0
2026-09-29 01:00:00,-3.9985,122.5129,39.8,35.3,402.0,10.7,1.6,37.0,0.0,0.0,0.0,0.0,24540.0
2026-09-29 02:00:00,-3.9985,122.5129,40.6,36.2,397.0,12.3,1.5,32.0,0.0,0.0,0.0,0.0,20760.0
2026-09-29 03:00:00,-3.9985,122.5129,41.2,37.0,408.0,14.2,1.4,25.0,0.0,0.0,0.0,0.0,21900.0
2026-09-29 04:00:00,-3.9985,122.5129,42.6,38.4,424.0,16.0,1.3,19.0,0.0,0.0,0.0,0.0,24120.0
2026-09-29 05:00:00,-3.9985,122.5129,42.4,38.3,424.0,15.9,1.3,20.0,0.0,0.0,0.0,0.0,18980.0
2026-09-29 06:00:00,-3.9985,122.5129,41.2,37.5,391.0,12.3,1.4,33.0,6.0,2.0,4.0,0.05,120.0
2026-09-29 07:00:00,-3.9985,122.5129,37.3,33.3,342.0,6.8,1.5,52.0,137.0,72.0,65.0,0.85,9400.0
2026-09-29 08:00:00,-3.9985,122.5129,38.5,32.9,308.0,1.9,1.3,71.0,382.0,279.0,103.0,2.75,16720.0
2026-09-29 09:00:00,-3.9985,122.5129,33.4,28.4,302.0,1.5,1.1,76.0,607.0,490.0,117.0,5.05,17160.0
2026-09-29 10:00:00,-3.9985,122.5129,33.4,28.5,311.0,0.9,0.9,83.0,777.0,645.0,132.0,7.15,16780.0
2026-09-29 11:00:00,-3.9985,122.5129,33.3,28.4,332.0,0.5,0.8,88.0,914.0,761.0,153.0,8.65,13400.0
2026-09-29 12:00:00,-3.9985,122.5129,33.8,28.9,371.0,0.4,0.8,91.0,884.0,753.0,131.0,9.0,7820.0
2026-09-29 13:00:00,-3.9985,122.5129,34.5,29.7,421.0,0.4,0.8,93.0,846.0,668.0,178.0,8.85,6440.0
2026-09-29 14:00:00,-3.9985,122.5129,35.4,30.6,460.0,0.5,0.9,94.0,836.0,714.0,122.0,7.8,15600.0
2026-09-29 15:00:00,-3.9985,122.5129,36.1,31.3,480.0,0.7,0.9,93.0,657.0,507.0,150.0,5.85,29220.0
2026-09-29 16:00:00,-3.9985,122.5129,35.9,31.1,488.0,0.9,1.0,91.0,482.0,395.0,87.0,3.5,30200.0
2026-09-29 17:00:00,-3.9985,122.5129,34.3,29.6,484.0,1.2,1.0,87.0,235.0,171.0,64.0,1.45,35180.0
2026-09-29 18:00:00,-3.9985,122.5129,31.3,26.8,464.0,1.5,1.1,80.0,34.0,19.0,15.0,0.15,35180.0
2026-09-29 19:00:00,-3.9985,122.5129,27.5,23.5,432.0,1.9,1.2,72.0,0.0,0.0,0.0,0.0,35160.0
2026-09-29 20:00:00,-3.9985,122.5129,23.4,20.4,398.0,2.2,1.2,69.0,0.0,0.0,0.0,0.0,28140.0
2026-09-29 21:00:00,-3.9985,122.5129,22.4,19.6,363.0,2.9,1.2,62.0,0.0,0.0,0.0,0.0,30200.0
2026-09-29 22:00:00,-3.9985,122.5129,21.9,19.2,327.0,3.9,1.3,53.0,0.0,0.0,0.0,0.0,31160.0
2026-09-29 23:00:00,-3.9985,122.5129,23.3,20.4,300.0,5.2,1.3,45.0,0.0,0.0,0.0,0.0,31160.0
2026-09-30 00:00:00,-3.9985,122.5129,24.7,21.4,286.0,6.8,1.4,41.0,0.0,0.0,0.0,0.0,28120.0
2026-09-30 01:00:00,-3.9985,122.5129,26.8,23.2,281.0,8.7,1.5,38.0,0.0,0.0,0.0,0.0,24500.0
2026-09-30 02:00:00,-3.9985,122.5129,29.0,25.1,281.0,10.5,1.5,36.0,0.0,0.0,0.0,0.0,24500.0
2026-09-30 03:00:00,-3.9985,122.5129,30.9,27.0,293.0,12.8,1.5,33.0,0.0,0.0,0.0,0.0,18960.0
2026-09-30 04:00:00,-3.9985,122.5129,32.8,28.9,311.0,15.0,1.4,30.0,0.0,0.0,0.0,0.0,300.0
2026-09-30 05:00:00,-3.9985,122.5129,35.4,31.2,314.0,15.2,1.4,32.0,0.0,0.0,0.0,0.0,120.0
2026-09-30 06:00:00,-3.9985,122.5129,39.2,34.7,287.0,11.6,1.4,40.0,6.0,1.0,5.0,0.05,80.0
2026-09-30 07:00:00,-3.9985,122.5129,33.9,29.5,246.0,6.0,1.5,53.0,121.0,55.0,66.0,0.85,780.0
2026-09-30 08:00:00,-3.9985,122.5129,29.6,24.4,215.0,1.5,1.6,72.0,373.0,255.0,118.0,2.8,16040.0
2026-09-30 09:00:00,-3.9985,122.5129,30.7,26.1,207.0,1.2,1.8,82.0,592.0,454.0,138.0,5.1,14800.0
2026-09-30 10:00:00,-3.9985,122.5129,38.3,33.3,209.0,0.9,2.0,96.0,764.0,614.0,150.0,7.15,16100.0
2026-09-30 11:00:00,-3.9985,122.5129,42.3,37.0,211.0,0.6,2.1,106.0,932.0,798.0,134.0,8.65,14940.0
2026-09-30 12:00:00,-3.9985,122.5129,43.7,38.2,207.0,0.6,2.1,109.0,1005.0,879.0,126.0,9.25,15840.0
2026-09-30 13:00:00,-3.9985,122.5129,43.7,38.2,202.0,0.7,2.0,107.0,946.0,803.0,143.0,8.95,46980.0
2026-09-30 14:00:00,-3.9985,122.5129,42.4,37.0,198.0,0.8,1.8,103.0,830.0,685.0,145.0,7.8,15380.0
2026-09-30 15:00:00,-3.9985,122.5129,39.6,34.3,195.0,0.9,1.5,96.0,622.0,463.0,159.0,5.9,30940.0
2026-09-30 16:00:00,-3.9985,122.5129,34.8,29.7,193.0,1.1,1.2,86.0,467.0,372.0,95.0,3.6,38660.0
2026-09-30 17:00:00,-3.9985,122.5129,29.1,24.2,197.0,1.3,1.0,76.0,242.0,181.0,61.0,1.45,38660.0
2026-09-30 18:00:00,-3.9985,122.5129,24.3,19.6,210.0,1.5,0.9,67.0,36.0,21.0,15.0,0.15,35120.0
2026-09-30 19:00:00,-3.9985,122.5129,20.8,16.2,229.0,1.8,0.8,59.0,0.0,0.0,0.0,0.0,35120.0
2026-09-30 20:00:00,-3.9985,122.5129,20.5,16.1,250.0,2.2,0.9,55.0,0.0,0.0,0.0,0.0,35120.0
2026-09-30 21:00:00,-3.9985,122.5129,18.9,14.8,272.0,3.5,1.1,50.0,0.0,0.0,0.0,0.0,31120.0
2026-09-30 22:00:00,-3.9985,122.5129,20.3,16.1,295.0,5.3,1.3,43.0,0.0,0.0,0.0,0.0,31120.0
2026-09-30 23:00:00,-3.9985,122.5129,23.7,19.2,315.0,7.4,1.6,37.0,0.0,0.0,0.0,0.0,28060.0
2026-10-01 00:00:00,-3.9985,122.5129,26.3,21.5,330.0,9.8,1.9,34.0,0.0,0.0,0.0,0.0,18940.0
2026-10-01 01:00:00,-3.9985,122.5129,28.9,24.0,342.0,12.4,2.1,33.0,0.0,0.0,0.0,0.0,160.0
2026-10-01 02:00:00,-3.9985,122.5129,31.7,26.8,347.0,14.7,2.2,30.0,0.0,0.0,0.0,0.0,80.0
2026-10-01 03:00:00,-3.9985,122.5129,34.7,29.7,345.0,17.1,2.0,23.0,0.0,0.0,0.0,0.0,80.0
2026-10-01 04:00:00,-3.9985,122.5129,37.5,32.7,336.0,19.1,1.7,16.0,0.0,0.0,0.0,0.0,60.0
2026-10-01 05:00:00,-3.9985,122.5129,38.6,34.1,315.0,18.8,1.5,15.0,0.0,0.0,0.0,0.0,80.0
2026-10-01 06:00:00,-3.9985,122.5129,38.0,34.0,274.0,14.1,1.4,26.0,5.0,1.0,4.0,0.05,240.0
2026-10-01 07:00:00,-3.9985,122.5129,34.8,31.9,222.0,7.2,1.4,44.0,107.0,35.0,72.0,0.9,1860.0
2026-10-01 08:00:00,-3.9985,122.5129,23.1,17.2,181.0,1.5,1.2,63.0,398.0,300.0,98.0,2.8,3420.0
2026-10-01 09:00:00,-3.9985,122.5129,11.1,7.9,159.0,1.2,1.1,69.0,634.0,520.0,114.0,5.1,4520.0
2026-10-01 10:00:00,-3.9985,122.5129,9.2,6.7,147.0,0.9,1.0,76.0,789.0,648.0,141.0,7.2,5480.0
2026-10-01 11:00:00,-3.9985,122.5129,8.9,6.7,142.0,0.6,0.9,83.0,920.0,766.0,154.0,8.65,13840.0
2026-10-01 12:00:00,-3.9985,122.5129,10.0,7.9,144.0,0.6,0.9,88.0,926.0,734.0,192.0,9.3,19880.0
2026-10-01 13:00:00,-3.9985,122.5129,12.0,9.9,153.0,0.7,1.0,92.0,932.0,775.0,157.0,9.0,30440.0
2026-10-01 14:00:00,-3.9985,122.5129,15.2,12.8,162.0,0.8,1.1,94.0,790.0,641.0,149.0,7.8,41960.0
2026-10-01 15:00:00,-3.9985,122.5129,18.6,15.9,168.0,1.0,1.1,94.0,682.0,570.0,112.0,5.85,10140.0
2026-10-01 16:00:00,-3.9985,122.5129,21.3,18.3,175.0,1.1,1.2,92.0,455.0,357.0,98.0,3.6,27460.0
2026-10-01 17:00:00,-3.9985,122.5129,23.0,19.6,185.0,1.4,1.2,89.0,243.0,182.0,61.0,1.45,38600.0
2026-10-01 18:00:00,-3.9985,122.5129,23.5,19.8,194.0,1.6,1.2,83.0,35.0,20.0,15.0,0.15,38600.0
2026-10-01 19:00:00,-3.9985,122.5129,23.2,19.3,206.0,1.8,1.2,76.0,0.0,0.0,0.0,0.0,38600.0
2026-10-01 20:00:00,-3.9985,122.5129,21.0,17.4,240.0,2.0,1.3,73.0,0.0,0.0,0.0,0.0,35060.0
2026-10-01 21:00:00,-3.9985,122.5129,19.7,16.3,321.0,3.0,1.4,67.0,0.0,0.0,0.0,0.0,35060.0
2026-10-01 22:00:00,-3.9985,122.5129,19.5,16.4,422.0,4.6,1.6,59.0,0.0,0.0,0.0,0.0,35060.0
2026-10-01 23:00:00,-3.9985,122.5129,22.0,18.7,485.0,6.5,1.7,52.0,0.0,0.0,0.0,0.0,31060.0
2026-10-02 00:00:00,-3.9985,122.5129,24.4,20.9,472.0,9.2,1.9,47.0,0.0,0.0,0.0,0.0,24420.0
2026-10-02 01:00:00,-3.9985,122.5129,27.6,24.2,421.0,12.3,2.1,44.0,0.0,0.0,0.0,0.0,18900.0
2026-10-02 02:00:00,-3.9985,122.5129,31.2,27.7,380.0,14.7,2.1,39.0,0.0,0.0,0.0,0.0,4080.0
2026-10-02 03:00:00,-3.9985,122.5129,34.3,30.7,375.0,16.4,1.8,30.0,0.0,0.0,0.0,0.0,300.0
2026-10-02 04:00:00,-3.9985,122.5129,34.2,30.9,380.0,17.3,1.4,21.0,0.0,0.0,0.0,0.0,180.0
2026-10-02 05:00:00,-3.9985,122.5129,32.0,29.1,370.0,16.5,1.2,19.0,0.0,0.0,0.0,0.0,120.0
2026-10-02 06:00:00,-3.9985,122.5129,30.9,28.2,325.0,12.6,1.3,32.0,7.0,1.0,6.0,0.05,100.0
2026-10-02 07:00:00,-3.9985,122.5129,28.2,25.7,266.0,6.9,1.6,54.0,125.0,45.0,80.0,0.85,860.0
2026-10-02 08:00:00,-3.9985,122.5129,25.0,19.7,221.0,1.7,1.4,68.0,401.0,304.0,97.0,2.8,38560.0
2026-10-02 09:00:00,-3.9985,122.5129,25.5,20.0,205.0,1.4,1.3,73.0,651.0,552.0,99.0,5.1,3920.0
2026-10-02 10:00:00,-3.9985,122.5129,31.1,24.9,204.0,0.9,1.1,79.0,826.0,695.0,131.0,7.2,7580.0
2026-10-02 11:00:00,-3.9985,122.5129,39.6,32.8,211.0,0.6,1.0,85.0,893.0,740.0,153.0,8.65,15380.0
2026-10-02 12:00:00,-3.9985,122.5129,43.4,36.6,225.0,0.6,1.0,89.0,992.0,849.0,143.0,9.25,14400.0
2026-10-02 13:00:00,-3.9985,122.5129,45.8,39.0,246.0,0.6,1.1,92.0,918.0,726.0,192.0,8.95,13140.0
2026-10-02 14:00:00,-3.9985,122.5129,46.4,39.9,267.0,0.8,1.2,94.0,871.0,752.0,119.0,7.75,41900.0
2026-10-02 15:00:00,-3.9985,122.5129,46.3,40.2,281.0,1.0,1.2,94.0,707.0,604.0,103.0,5.85,10140.0
2026-10-02 16:00:00,-3.9985,122.5129,45.3,39.6,296.0,1.2,1.2,92.0,482.0,387.0,95.0,3.55,38540.0
2026-10-02 17:00:00,-3.9985,122.5129,42.5,37.5,319.0,1.5,1.2,89.0,225.0,158.0,67.0,1.45,38540.0
2026-10-02 18:00:00,-3.9985,122.5129,38.4,34.1,353.0,1.8,1.2,83.0,31.0,16.0,15.0,0.15,34260.0
2026-10-02 19:00:00,-3.9985,122.5129,35.2,31.1,396.0,2.2,1.2,76.0,0.0,0.0,0.0,0.0,33880.0
2026-10-02 20:00:00,-3.9985,122.5129,32.5,28.8,456.0,2.5,1.3,75.0,0.0,0.0,0.0,0.0,35000.0
2026-10-02 21:00:00,-3.9985,122.5129,29.5,26.3,559.0,2.7,1.3,68.0,0.0,0.0,0.0,0.0,34560.0
2026-10-02 22:00:00,-3.9985,122.5129,27.5,24.4,678.0,3.2,1.3,58.0,0.0,0.0,0.0,0.0,35000.0
2026-10-02 23:00:00,-3.9985,122.5129,26.5,23.4,744.0,4.1,1.3,50.0,0.0,0.0,0.0,0.0,31020.0
2026-10-03 00:00:00,-3.9985,122.5129,27.5,24.0,709.0,5.8,1.4,45.0,0.0,0.0,0.0,0.0,27980.0
2026-10-03 01:00:00,-3.9985,122.5129,29.6,25.8,621.0,8.1,1.5,41.0,0.0,0.0,0.0,0.0,24400.0
2026-10-03 02:00:00,-3.9985,122.5129,32.6,28.7,549.0,10.2,1.6,37.0,0.0,0.0,0.0,0.0,18880.0
2026-10-03 03:00:00,-3.9985,122.5129,35.7,31.8,521.0,12.7,1.5,29.0,0.0,0.0,0.0,0.0,18880.0
2026-10-03 04:00:00,-3.9985,122.5129,38.5,34.7,509.0,15.2,1.4,21.0,0.0,0.0,0.0,0.0,920.0
2026-10-03 05:00:00,-3.9985,122.5129,38.6,35.4,499.0,15.6,1.3,21.0,0.0,0.0,0.0,0.0,200.0
2026-10-03 06:00:00,-3.9985,122.5129,37.0,34.2,480.0,12.2,1.4,35.0,7.0,2.0,5.0,0.05,160.0
2026-10-03 07:00:00,-3.9985,122.5129,34.9,32.4,463.0,6.8,1.7,58.0,134.0,63.0,71.0,0.9,31000.0
2026-10-03 08:00:00,-3.9985,122.5129,34.2,29.5,471.0,2.2,1.8,87.0,406.0,320.0,86.0,2.85,38500.0
2026-10-03 09:00:00,-3.9985,122.5129,41.6,36.6,529.0,1.8,1.7,99.0,631.0,520.0,111.0,5.15,21180.0
2026-10-03 10:00:00,-3.9985,122.5129,44.8,40.0,611.0,1.3,1.5,116.0,747.0,580.0,167.0,7.2,8680.0
2026-10-03 11:00:00,-3.9985,122.5129,45.3,40.9,668.0,0.9,1.4,125.0,859.0,677.0,182.0,8.55,5080.0
2026-10-03 12:00:00,-3.9985,122.5129,42.5,38.4,665.0,0.8,1.3,120.0,881.0,656.0,225.0,9.3,4720.0
2026-10-03 13:00:00,-3.9985,122.5129,37.4,33.6,635.0,0.8,1.1,108.0,778.0,539.0,239.0,8.95,9000.0
2026-10-03 14:00:00,-3.9985,122.5129,31.7,28.1,634.0,0.9,1.0,95.0,686.0,418.0,268.0,7.2,19460.0
2026-10-03 15:00:00,-3.9985,122.5129,26.5,23.0,710.0,0.9,0.9,84.0,615.0,440.0,175.0,5.45,41840.0
2026-10-03 16:00:00,-3.9985,122.5129,23.6,20.0,813.0,1.0,0.9,74.0,420.0,261.0,159.0,3.25,38480.0
2026-10-03 17:00:00,-3.9985,122.5129,23.9,20.1,849.0,1.3,0.9,64.0,214.0,139.0,75.0,1.25,38480.0
2026-10-03 18:00:00,-3.9985,122.5129,22.3,18.6,746.0,2.0,1.0,56.0,30.0,11.0,19.0,0.15,34960.0
2026-10-03 19:00:00,-3.9985,122.5129,21.0,17.6,575.0,3.0,1.2,50.0,0.0,0.0,0.0,0.0,33360.0
2026-10-03 20:00:00,-3.9985,122.5129,23.3,19.8,455.0,3.1,1.1,45.0,0.0,0.0,0.0,0.0,34940.0
2026-10-03 21:00:00,-3.9985,122.5129,22.3,19.2,443.0,3.7,1.1,41.0,0.0,0.0,0.0,0.0,32000.0
2026-10-03 22:00:00,-3.9985,122.5129,22.4,19.5,481.0,4.7,1.1,36.0,0.0,0.0,0.0,0.0,33040.0
2026-10-03 23:00:00,-3.9985,122.5129,23.3,20.2,517.0,6.1,1.2,32.0,0.0,0.0,0.0,0.0,30360.0
2026-10-04 00:00:00,-3.9985,122.5129,24.3,21.0,534.0,8.1,1.4,30.0,0.0,0.0,0.0,0.0,27940.0
2026-10-04 01:00:00,-3.9985,122.5129,26.0,22.6,549.0,10.6,1.6,28.0,0.0,0.0,0.0,0.0,18860.0
2026-10-04 02:00:00,-3.9985,122.5129,28.5,25.1,554.0,13.0,1.7,26.0,0.0,0.0,0.0,0.0,18860.0
2026-10-04 03:00:00,-3.9985,122.5129,31.5,28.0,549.0,16.0,1.7,20.0,0.0,0.0,0.0,0.0,340.0
2026-10-04 04:00:00,-3.9985,122.5129,33.8,30.3,534.0,18.9,1.5,13.0,0.0,0.0,0.0,0.0,140.0
2026-10-04 05:00:00,-3.9985,122.5129,34.6,31.2,502.0,19.2,1.4,12.0,0.0,0.0,0.0,0.0,80.0
2026-10-04 06:00:00,-3.9985,122.5129,36.0,32.6,438.0,14.5,1.4,24.0,7.0,0.0,7.0,0.05,80.0
2026-10-04 07:00:00,-3.9985,122.5129,29.3,25.7,356.0,7.1,1.4,43.0,107.0,17.0,90.0,0.8,240.0
2026-10-04 08:00:00,-3.9985,122.5129,26.8,21.5,291.0,1.3,1.1,59.0,370.0,235.0,135.0,2.45,5100.0
2026-10-04 09:00:00,-3.9985,122.5129,24.2,19.7,260.0,1.0,1.0,63.0,636.0,526.0,110.0,4.85,2760.0
2026-10-04 10:00:00,-3.9985,122.5129,22.9,18.9,246.0,0.7,0.8,68.0,814.0,676.0,138.0,7.05,2560.0
2026-10-04 11:00:00,-3.9985,122.5129,21.4,17.8,237.0,0.4,0.7,72.0,959.0,834.0,125.0,8.7,3840.0
2026-10-04 12:00:00,-3.9985,122.5129,20.2,16.9,228.0,0.3,0.7,73.0,1012.0,885.0,127.0,9.3,15360.0
2026-10-04 13:00:00,-3.9985,122.5129,18.4,15.3,224.0,0.4,0.7,72.0,957.0,828.0,129.0,8.75,17140.0
2026-10-04 14:00:00,-3.9985,122.5129,16.7,13.7,225.0,0.5,0.7,70.0,825.0,623.0,202.0,6.85,46720.0
2026-10-04 15:00:00,-3.9985,122.5129,14.8,11.8,234.0,0.6,0.7,67.0,636.0,428.0,208.0,5.6,41760.0
2026-10-04 16:00:00,-3.9985,122.5129,13.6,10.4,247.0,0.8,0.7,62.0,412.0,253.0,159.0,3.25,41760.0
2026-10-04 17:00:00,-3.9985,122.5129,13.6,10.0,253.0,1.0,0.7,58.0,230.0,166.0,64.0,1.3,38420.0
2026-10-04 18:00:00,-3.9985,122.5129,14.1,10.2,236.0,1.4,0.8,54.0,34.0,19.0,15.0,0.15,38420.0
2026-10-04 19:00:00,-3.9985,122.5129,15.0,10.9,211.0,1.8,0.8,50.0,0.0,0.0,0.0,0.0,38420.0
2026-10-04 20:00:00,-3.9985,122.5129,18.8,13.2,212.0,2.0,0.8,47.0,0.0,0.0,0.0,0.0,34900.0
2026-10-04 21:00:00,-3.9985,122.5129,19.6,13.8,267.0,2.5,0.8,44.0,0.0,0.0,0.0,0.0,34900.0
2026-10-04 22:00:00,-3.9985,122.5129,19.6,14.0,347.0,3.2,0.8,39.0,0.0,0.0,0.0,0.0,30920.0
2026-10-04 23:00:00,-3.9985,122.5129,20.1,14.8,408.0,4.6,0.9,35.0,0.0,0.0,0.0,0.0,27900.0
2026-10-05 00:00:00,-3.9985,122.5129,21.5,16.3,430.0,7.0,1.1,33.0,0.0,0.0,0.0,0.0,24320.0
2026-10-05 01:00:00,-3.9985,122.5129,23.6,18.3,432.0,10.1,1.4,31.0,0.0,0.0,0.0,0.0,300.0
2026-10-05 02:00:00,-3.9985,122.5129,26.0,20.7,422.0,12.7,1.5,28.0,0.0,0.0,0.0,0.0,100.0
2026-10-05 03:00:00,-3.9985,122.5129,28.3,23.1,403.0,15.2,1.4,21.0,0.0,0.0,0.0,0.0,80.0
2026-10-05 04:00:00,-3.9985,122.5129,28.3,23.7,373.0,17.4,1.2,13.0,0.0,0.0,0.0,0.0,60.0
2026-10-05 05:00:00,-3.9985,122.5129,27.4,23.4,335.0,17.3,1.0,12.0,0.0,0.0,0.0,0.0,80.0
2026-10-05 06:00:00,-3.9985,122.5129,24.9,21.8,282.0,13.1,1.0,24.0,7.0,1.0,6.0,0.05,80.0
2026-10-05 07:00:00,-3.9985,122.5129,20.5,18.0,221.0,6.6,1.1,43.0,123.0,49.0,74.0,0.85,700.0
2026-10-05 08:00:00,-3.9985,122.5129,20.3,14.5,177.0,1.5,1.2,61.0,339.0,168.0,171.0,2.4,1380.0
2026-10-05 09:00:00,-3.9985,122.5129,17.8,12.7,163.0,1.3,1.1,66.0,642.0,505.0,137.0,4.4,1880.0
2026-10-05 10:00:00,-3.9985,122.5129,16.2,11.7,165.0,0.9,1.1,74.0,852.0,734.0,118.0,6.5,1820.0
2026-10-05 11:00:00,-3.9985,122.5129,15.4,11.4,170.0,0.7,1.0,80.0,971.0,826.0,145.0,8.65,5000.0
2026-10-05 12:00:00,-3.9985,122.5129,15.4,11.7,176.0,0.7,1.0,84.0,996.0,817.0,179.0,8.95,8660.0
2026-10-05 13:00:00,-3.9985,122.5129,16.1,12.5,184.0,0.8,1.1,87.0,971.0,809.0,162.0,8.3,14140.0
2026-10-05 14:00:00,-3.9985,122.5129,17.6,13.9,186.0,0.9,1.1,87.0,848.0,713.0,135.0,7.75,46660.0
2026-10-05 15:00:00,-3.9985,122.5129,19.0,15.1,172.0,1.1,1.1,83.0,673.0,549.0,124.0,5.55,46660.0
2026-10-05 16:00:00,-3.9985,122.5129,18.3,14.6,153.0,1.3,1.0,76.0,455.0,347.0,108.0,3.4,41700.0
2026-10-05 17:00:00,-3.9985,122.5129,16.4,12.8,146.0,1.7,1.0,69.0,237.0,173.0,64.0,1.4,41700.0
2026-10-05 18:00:00,-3.9985,122.5129,14.6,11.3,164.0,2.0,1.0,61.0,33.0,19.0,14.0,0.15,38360.0
2026-10-05 19:00:00,-3.9985,122.5129,13.6,10.3,195.0,2.5,1.1,53.0,0.0,0.0,0.0,0.0,38360.0
2026-10-05 20:00:00,-3.9985,122.5129,9.8,7.7,224.0,2.9,1.1,48.0,0.0,0.0,0.0,0.0,34840.0
2026-10-05 21:00:00,-3.9985,122.5129,8.9,7.1,252.0,4.4,1.3,45.0,0.0,0.0,0.0,0.0,34840.0
2026-10-05 22:00:00,-3.9985,122.5129,12.1,10.1,279.0,6.6,1.7,41.0,0.0,0.0,0.0,0.0,30880.0
2026-10-05 23:00:00,-3.9985,122.5129,16.1,14.0,289.0,8.8,1.9,37.0,0.0,0.0,0.0,0.0,30880.0
2026-10-06 00:00:00,-3.9985,122.5129,19.1,16.9,269.0,10.9,1.9,32.0,0.0,0.0,0.0,0.0,27860.0
2026-10-06 01:00:00,-3.9985,122.5129,21.2,19.0,232.0,13.0,1.8,27.0,0.0,0.0,0.0,0.0,27860.0
2026-10-06 02:00:00,-3.9985,122.5129,23.3,21.1,208.0,15.1,1.8,22.0,0.0,0.0,0.0,0.0,24280.0
2026-10-06 03:00:00,-3.9985,122.5129,25.7,23.5,213.0,18.0,1.9,17.0,0.0,0.0,0.0,0.0,24280.0
2026-10-06 04:00:00,-3.9985,122.5129,28.2,26.0,230.0,20.8,2.0,12.0,0.0,0.0,0.0,0.0,26840.0
2026-10-06 05:00:00,-3.9985,122.5129,30.6,28.4,236.0,20.9,2.0,14.0,0.0,0.0,0.0,0.0,18020.0
2026-10-06 06:00:00,-3.9985,122.5129,33.6,31.4,215.0,15.7,1.8,27.0,8.0,0.0,8.0,0.05,20180.0
2026-10-06 07:00:00,-3.9985,122.5129,20.9,18.3,183.0,7.7,1.5,47.0,126.0,38.0,88.0,0.85,23480.0
2026-10-06 08:00:00,-3.9985,122.5129,13.1,9.7,159.0,1.7,1.3,62.0,353.0,190.0,163.0,2.65,20700.0
2026-10-06 09:00:00,-3.9985,122.5129,12.0,8.9,150.0,0.0,1.1,69.0,575.0,359.0,216.0,4.55,29580.0
2026-10-06 10:00:00,-3.9985,122.5129,12.3,9.3,149.0,0.3,1.0,71.0,753.0,577.0,176.0,6.35,20860.0
2026-10-06 11:00:00,-3.9985,122.5129,13.0,10.0,157.0,0.8,0.9,74.0,840.0,543.0,297.0,8.0,46600.0
2026-10-06 12:00:00,-3.9985,122.5129,14.3,11.3,184.0,0.9,0.9,80.0,840.0,511.0,329.0,8.4,46600.0
2026-10-06 13:00:00,-3.9985,122.5129,17.4,14.3,221.0,1.1,1.1,86.0,881.0,638.0,243.0,8.05,46600.0
2026-10-06 14:00:00,-3.9985,122.5129,20.5,17.3,241.0,1.4,1.2,89.0,710.0,418.0,292.0,6.65,46600.0
